System,a0,a1,a2,a3
Ag-Al,-15278.0,-18210.0,0.0,0.0
Ag-As,-32371.0,-3336.0,0.0,0.0
Ag-Au,-16478.0,0.0,0.0,0.0
Ag-B,-2386.0,13451.0,0.0,0.0
Ag-Ba,-64657.0,-5423.0,4488.0,-297.0
Ag-Be,28327.0,-23401.0,0.0,0.0
Ag-Bi,7628.0,0.0,0.0,0.0
Ag-C,-161034.0,18230.0,-16433.0,26675.0
Ag-Ca,-98051.0,-16917.0,22884.0,0.0
Ag-Cd,-17777.0,0.0,0.0,0.0
Ag-Ce,-69647.0,-33203.0,0.0,0.0
Ag-Co,89431.0,-10381.0,-23407.0,0.0
Ag-Cr,116423.0,-3011.0,26917.0,-15780.0
Ag-Cs,22937.0,23657.0,0.0,0.0
Ag-Cu,14471.0,0.0,0.0,0.0
Ag-Dy,-110744.0,-24997.0,17192.0,28052.0
Ag-Er,-94924.0,13389.0,-20325.0,-4036.0
Ag-Eu,-67334.0,-11555.0,-37847.0,4575.0
Ag-Fe,107931.0,0.0,0.0,0.0
Ag-Ga,-13668.0,-18035.0,0.0,0.0
Ag-Gd,-95564.0,-32368.0,0.0,0.0
Ag-Ge,7111.0,-13835.0,0.0,0.0
Ag-Hf,-60407.0,20707.0,39567.0,37720.0
Ag-Hg,-17246.0,-1277.0,0.0,0.0
Ag-Ho,-101624.0,-22779.0,13784.0,54988.0
Ag-In,-15462.0,-13546.0,0.0,0.0
Ag-Ir,5534.0,-9873.0,0.0,0.0
Ag-K,19637.0,23531.0,0.0,0.0
Ag-La,-99054.0,-8678.0,0.0,0.0
Ag-Li,-73800.0,24927.0,-22218.0,-9622.0
Ag-Lu,-96264.0,-10084.0,4101.0,26817.0
Ag-Mg,-45112.0,0.0,0.0,0.0
Ag-Mn,53469.0,-16265.0,-4259.0,24476.0
Ag-Mo,117920.0,13090.0,13604.0,31110.0
Ag-Na,-17155.0,6224.0,0.0,0.0
Ag-Nb,58192.0,-3252.0,56513.0,36322.0
Ag-Nd,-85194.0,-46709.0,-780.0,38774.0
Ag-Ni,56307.0,617.0,-4188.0,-3779.0
Ag-Os,71048.0,-27306.0,-18337.0,50355.0
Ag-P,-110265.0,9447.0,61864.0,-30659.0
Ag-Pb,9945.0,0.0,0.0,0.0
Ag-Pd,-18936.0,-15984.0,0.0,0.0
Ag-Pr,-91428.0,-35094.0,6763.0,34164.0
Ag-Pt,-12632.0,10670.0,0.0,0.0
Ag-Rb,17846.0,21766.0,0.0,0.0
Ag-Re,114704.0,-28160.0,29791.0,36034.0
Ag-Rh,20622.0,11174.0,0.0,0.0
Ag-Ru,60550.0,-172.0,773.0,25824.0
Ag-S,-167576.0,15007.0,28805.0,-54119.0
Ag-Sb,-2478.0,-18686.0,0.0,0.0
Ag-Sc,-85067.0,-15126.0,-18560.0,58688.0
Ag-Se,-101502.0,-1070.0,2285.0,2718.0
Ag-Si,6776.0,-1740.0,0.0,0.0
Ag-Sm,-88799.0,-34815.0,-14462.0,26778.0
Ag-Sn,-6050.0,-15564.0,0.0,0.0
Ag-Sr,-59948.0,8304.0,-32195.0,-8020.0
Ag-Ta,25815.0,14394.0,0.0,0.0
Ag-Tb,-116682.0,-29062.0,25567.0,43822.0
Ag-Te,-61943.0,-51561.0,39931.0,80908.0
Ag-Ti,5548.0,6325.0,0.0,0.0
Ag-Tl,8389.0,0.0,0.0,0.0
Ag-Tm,-108341.0,-16339.0,34873.0,18415.0
Ag-U,16224.0,11150.0,0.0,0.0
Ag-V,85444.0,1776.0,9257.0,4080.0
Ag-W,136370.0,-14603.0,-25696.0,31187.0
Ag-Y,-112606.0,-15559.0,34394.0,54945.0
Ag-Yb,-72883.0,-20537.0,-9100.0,17047.0
Ag-Zn,-27517.0,0.0,0.0,0.0
Ag-Zr,-26935.0,16694.0,0.0,0.0
Al-As,-56325.0,2513.0,35752.0,-19129.0
Al-Au,-131463.0,40228.0,0.0,0.0
Al-B,-20848.0,85.0,0.0,0.0
Al-Ba,-120836.0,-72637.0,44848.0,6789.0
Al-Be,57366.0,-18641.0,-37676.0,-31327.0
Al-Bi,26161.0,15122.0,0.0,0.0
Al-C,-173760.0,42264.0,-8801.0,464.0
Al-Ca,-92708.0,-40664.0,3420.0,27068.0
Al-Cd,19306.0,0.0,0.0,0.0
Al-Ce,-144927.0,-49546.0,19757.0,0.0
Al-Co,-126952.0,-12132.0,55850.0,6863.0
Al-Cr,-26894.0,-9893.0,0.0,0.0
Al-Cs,74541.0,46357.0,-378.0,-31754.0
Al-Cu,-66099.0,29048.0,0.0,0.0
Al-Dy,-157489.0,-61367.0,9040.0,42692.0
Al-Er,-167882.0,-51567.0,37995.0,47986.0
Al-Eu,-160097.0,-57395.0,587.0,17870.0
Al-Fe,-91670.0,-6545.0,0.0,0.0
Al-Ga,2711.0,0.0,0.0,0.0
Al-Gd,-134758.0,-49553.0,0.0,0.0
Al-Ge,-14969.0,0.0,0.0,0.0
Al-Hf,-190227.0,72.0,5717.0,11400.0
Al-Hg,16880.0,3537.0,0.0,0.0
Al-Ho,-175145.0,-68201.0,54715.0,62272.0
Al-In,22704.0,14055.0,0.0,0.0
Al-Ir,-224662.0,6917.0,10130.0,-20701.0
Al-K,84307.0,34066.0,-19182.0,-24162.0
Al-La,-146296.0,-48998.0,0.0,0.0
Al-Li,-42910.0,12148.0,0.0,0.0
Al-Lu,-184031.0,-47138.0,41403.0,38997.0
Al-Mg,-9231.0,0.0,0.0,0.0
Al-Mn,-70727.0,-13572.0,0.0,0.0
Al-Mo,-47946.0,-10385.0,-91297.0,-7112.0
Al-Na,48425.0,5538.0,-13523.0,12529.0
Al-Nb,-96861.0,-20829.0,16505.0,13086.0
Al-Nd,-149868.0,-42483.0,1140.0,-12690.0
Al-Ni,-206335.0,-8006.0,72007.0,13598.0
Al-Os,-161063.0,-17950.0,39709.0,39941.0
Al-P,-121476.0,7646.0,35939.0,-20116.0
Al-Pb,32213.0,-468.0,0.0,0.0
Al-Pd,-227037.0,83162.0,-1559.0,-25725.0
Al-Pr,-156249.0,-38092.0,18909.0,1814.0
Al-Pt,-229554.0,17854.0,67105.0,-10908.0
Al-Rb,75339.0,35857.0,-5748.0,-17749.0
Al-Re,-85900.0,-43090.0,23093.0,39414.0
Al-Rh,-179398.0,8890.0,9896.0,-36738.0
Al-Ru,-120165.0,-9344.0,-56320.0,-6706.0
Al-S,-177315.0,15624.0,24182.0,-52240.0
Al-Sb,-13695.0,8790.0,0.0,0.0
Al-Sc,-142106.0,13267.0,35292.0,-21981.0
Al-Se,-112802.0,32885.0,29655.0,-39222.0
Al-Si,-11137.0,0.0,0.0,0.0
Al-Sm,-161174.0,-52883.0,5671.0,7867.0
Al-Sn,16017.0,0.0,0.0,0.0
Al-Sr,-75020.0,-32853.0,9739.0,0.0
Al-Ta,-107332.0,5215.0,-28257.0,-4584.0
Al-Tb,-162239.0,-59853.0,9944.0,37227.0
Al-Te,-237909.0,158702.0,180529.0,-206201.0
Al-Ti,-118136.0,-21935.0,37748.0,0.0
Al-Tl,39941.0,6442.0,17339.0,1680.0
Al-Tm,-176052.0,-39207.0,66329.0,10784.0
Al-U,-135593.0,-40703.0,18375.0,76174.0
Al-V,-84718.0,-5047.0,42652.0,-4158.0
Al-W,-47512.0,1724.0,-80703.0,-14122.0
Al-Y,-169766.0,-41312.0,46533.0,0.0
Al-Yb,-153051.0,-36123.0,29975.0,-23501.0
Al-Zn,10565.0,0.0,0.0,0.0
Al-Zr,-185781.0,-4920.0,43761.0,-34866.0
As-Au,-51478.0,5772.0,9963.0,-23893.0
As-B,28098.0,-6582.0,0.0,0.0
As-Ba,-339783.0,-18602.0,167865.0,-30482.0
As-Be,-9156.0,15917.0,0.0,0.0
As-Bi,8963.0,220.0,0.0,0.0
As-C,-69822.0,15959.0,-37819.0,-5740.0
As-Ca,-257724.0,25838.0,72628.0,-38758.0
As-Cd,-18503.0,1674.0,0.0,0.0
As-Ce,-363367.0,-36508.0,83174.0,-26694.0
As-Co,-82216.0,42552.0,13341.0,-68983.0
As-Cr,-110874.0,27791.0,49213.0,-5847.0
As-Cs,-119460.0,24442.0,65137.0,-22554.0
As-Cu,-53088.0,13475.0,-3683.0,11792.0
As-Dy,-383915.0,-46470.0,114938.0,15941.0
As-Er,-365185.0,-11782.0,121081.0,11825.0
As-Eu,-361044.0,-2412.0,44747.0,-38673.0
As-Fe,-80124.0,47612.0,12055.0,-64130.0
As-Ga,-27331.0,248.0,0.0,0.0
As-Gd,-368141.0,-11470.0,142223.0,-52705.0
As-Ge,-4722.0,-10429.0,0.0,0.0
As-Hf,-345867.0,38908.0,61755.0,-51012.0
As-Hg,7516.0,-8750.0,0.0,0.0
As-Ho,-366302.0,-31463.0,88632.0,48644.0
As-In,-24136.0,-3124.0,0.0,0.0
As-Ir,-104148.0,22901.0,-47756.0,-12111.0
As-K,-123204.0,28021.0,89294.0,-7532.0
As-La,-341349.0,-26987.0,52776.0,-9203.0
As-Li,-198814.0,126586.0,28387.0,-37793.0
As-Lu,-347833.0,-16128.0,35725.0,6832.0
As-Mg,-133292.0,107238.0,10927.0,-71515.0
As-Mn,-148663.0,26084.0,32188.0,4830.0
As-Mo,-98127.0,22646.0,56351.0,19948.0
As-Na,-125642.0,73467.0,57887.0,-48484.0
As-Nb,-225195.0,21659.0,105546.0,-25788.0
As-Nd,-383914.0,-48324.0,140692.0,-6399.0
As-Ni,-87270.0,43620.0,-62369.0,-39368.0
As-Os,-82611.0,24831.0,9078.0,-44926.0
As-P,-9321.0,-5019.0,0.0,0.0
As-Pb,2020.0,0.0,0.0,0.0
As-Pd,-172476.0,51681.0,-15295.0,-31334.0
As-Pr,-382725.0,-53195.0,107743.0,21701.0
As-Pt,-140232.0,37419.0,-29668.0,-13864.0
As-Rb,-119361.0,20476.0,82970.0,-11507.0
As-Re,-61640.0,26939.0,26643.0,-61862.0
As-Rh,-122221.0,46874.0,17958.0,-65956.0
As-Ru,-98010.0,18736.0,58513.0,-11668.0
As-S,-19727.0,29682.0,0.0,0.0
As-Sb,12232.0,0.0,0.0,0.0
As-Sc,-360522.0,14511.0,114651.0,7094.0
As-Se,-25803.0,62152.0,-10319.0,-82399.0
As-Si,-2255.0,-15057.0,0.0,0.0
As-Sm,-373069.0,-18107.0,91052.0,-25835.0
As-Sn,-15058.0,-8974.0,0.0,0.0
As-Sr,-309022.0,-15887.0,100256.0,13651.0
As-Ta,-222235.0,20626.0,29385.0,-1538.0
As-Tb,-393287.0,-38888.0,115955.0,12199.0
As-Te,-20792.0,13912.0,0.0,0.0
As-Ti,-290904.0,45175.0,72745.0,-34706.0
As-Tl,7933.0,4203.0,0.0,0.0
As-Tm,-368153.0,-826.0,113068.0,-2091.0
As-U,-300848.0,-3084.0,68574.0,29527.0
As-V,-169981.0,47862.0,37636.0,-37450.0
As-W,-78471.0,-4149.0,-10185.0,17474.0
As-Y,-386876.0,-14339.0,119353.0,14580.0
As-Yb,-351350.0,19028.0,79888.0,-69584.0
As-Zn,-36102.0,15399.0,27295.0,-27027.0
As-Zr,-385559.0,32937.0,105229.0,-54058.0
Au-B,-51170.0,-8167.0,16015.0,44814.0
Au-Ba,-245525.0,-51879.0,131001.0,-7114.0
Au-Be,-3309.0,-23517.0,0.0,0.0
Au-Bi,2209.0,0.0,0.0,0.0
Au-C,-108309.0,-5711.0,-25977.0,19489.0
Au-Ca,-217050.0,-21045.0,3949.0,6973.0
Au-Cd,-63496.0,7448.0,12708.0,-39828.0
Au-Ce,-253317.0,-94826.0,-8818.0,43629.0
Au-Co,18426.0,0.0,0.0,0.0
Au-Cr,7434.0,-8360.0,0.0,0.0
Au-Cs,-74702.0,-10489.0,69483.0,31308.0
Au-Cu,-27712.0,0.0,0.0,0.0
Au-Dy,-300096.0,-58856.0,40768.0,35086.0
Au-Er,-299541.0,3699.0,10771.0,-29720.0
Au-Eu,-252403.0,-37507.0,-21624.0,-13466.0
Au-Fe,19089.0,-697.0,0.0,0.0
Au-Ga,-64350.0,-22868.0,-21777.0,0.0
Au-Gd,-281704.0,-85958.0,16598.0,19185.0
Au-Ge,-18564.0,-9729.0,0.0,0.0
Au-Hf,-279301.0,10858.0,64299.0,36549.0
Au-Hg,-48350.0,7499.0,28585.0,-15071.0
Au-Ho,-290016.0,-36934.0,28279.0,27881.0
Au-In,-69730.0,-20639.0,0.0,0.0
Au-Ir,-1215.0,-16014.0,0.0,0.0
Au-K,-65565.0,8475.0,56560.0,16538.0
Au-La,-252108.0,-95454.0,-25124.0,57669.0
Au-Li,-159877.0,26327.0,-8213.0,36028.0
Au-Lu,-295010.0,-28912.0,14410.0,31636.0
Au-Mg,-138181.0,23967.0,9375.0,-14679.0
Au-Mn,-38173.0,7597.0,-13725.0,2208.0
Au-Mo,-33088.0,4680.0,0.0,0.0
Au-Na,-71247.0,368.0,-8507.0,26658.0
Au-Nb,-163081.0,-10326.0,73903.0,34343.0
Au-Nd,-272934.0,-110031.0,24219.0,62264.0
Au-Ni,9588.0,0.0,0.0,0.0
Au-Os,35800.0,-49812.0,-27830.0,82534.0
Au-P,-80432.0,10488.0,30279.0,-21408.0
Au-Pb,-3600.0,8326.0,0.0,0.0
Au-Pd,-20351.0,12384.0,0.0,0.0
Au-Pr,-283932.0,-82683.0,17456.0,40108.0
Au-Pt,13021.0,0.0,0.0,0.0
Au-Rb,-73611.0,-4046.0,68306.0,28750.0
Au-Re,40353.0,-48100.0,35191.0,59195.0
Au-Rh,-10541.0,13746.0,0.0,0.0
Au-Ru,2281.0,-45.0,0.0,0.0
Au-S,-53972.0,7308.0,-5558.0,-42702.0
Au-Sb,-10333.0,0.0,0.0,0.0
Au-Sc,-282232.0,-16414.0,-5439.0,30452.0
Au-Se,-37679.0,7216.0,0.0,0.0
Au-Si,-26162.0,-28850.0,0.0,0.0
Au-Sm,-276805.0,-52950.0,1676.0,19969.0
Au-Sn,-45442.0,-16547.0,0.0,0.0
Au-Sr,-190958.0,-44034.0,5161.0,46361.0
Au-Ta,-146803.0,-2102.0,-19151.0,41714.0
Au-Tb,-304724.0,-67250.0,30486.0,39251.0
Au-Te,-280.0,7826.0,0.0,0.0
Au-Ti,-181971.0,1587.0,1303.0,37752.0
Au-Tl,-22072.0,-9689.0,0.0,0.0
Au-Tm,-301195.0,-24210.0,62404.0,6557.0
Au-U,-168353.0,-14412.0,-33560.0,60660.0
Au-V,-62643.0,7889.0,-18367.0,15040.0
Au-W,22291.0,-12613.0,0.0,0.0
Au-Y,-290591.0,-45382.0,504.0,52164.0
Au-Yb,-259394.0,-31969.0,29883.0,-3243.0
Au-Zn,-93332.0,0.0,0.0,0.0
Au-Zr,-285765.0,-11485.0,48011.0,14189.0
B-Ba,-149558.0,-39133.0,53840.0,-40173.0
B-Be,-19924.0,-7040.0,0.0,0.0
B-Bi,109313.0,41263.0,-11575.0,5705.0
B-C,-53633.0,10253.0,-6499.0,-33888.0
B-Ca,-128726.0,-22394.0,-12608.0,-52697.0
B-Cd,46337.0,-5984.0,-25127.0,-6022.0
B-Ce,-226002.0,-102258.0,-5970.0,29134.0
B-Co,-160231.0,4691.0,10817.0,-44178.0
B-Cr,-171058.0,-50478.0,-19813.0,21232.0
B-Cs,38681.0,86041.0,28205.0,5096.0
B-Cu,-45438.0,-22445.0,6534.0,21676.0
B-Dy,-255270.0,-105773.0,-105.0,-32992.0
B-Er,-261460.0,-80919.0,9438.0,805.0
B-Eu,-246988.0,-97553.0,19972.0,-10806.0
B-Fe,-166654.0,-11515.0,92.0,-59925.0
B-Ga,3125.0,-2463.0,0.0,0.0
B-Gd,-229168.0,-86710.0,-21744.0,-18556.0
B-Ge,43069.0,5241.0,-2157.0,-18098.0
B-Hf,-336432.0,-78388.0,-35693.0,8105.0
B-Hg,76801.0,29988.0,-44422.0,-56967.0
B-Ho,-265373.0,-84488.0,5566.0,-16053.0
B-In,50436.0,-1881.0,29023.0,6257.0
B-Ir,-192663.0,-8572.0,-46347.0,-2916.0
B-K,46690.0,85338.0,16331.0,-16389.0
B-La,-227175.0,-76634.0,1665.0,-22270.0
B-Li,-89499.0,40125.0,-177.0,-23944.0
B-Lu,-288462.0,-80855.0,-1175.0,-25793.0
B-Mg,-40666.0,4584.0,-46804.0,-31923.0
B-Mn,-168935.0,-82812.0,5525.0,36317.0
B-Mo,-195714.0,-46762.0,-5577.0,53167.0
B-Na,15449.0,46922.0,0.0,0.0
B-Nb,-265294.0,-56378.0,-5573.0,3987.0
B-Nd,-255300.0,-100812.0,20853.0,-27946.0
B-Ni,-164174.0,9936.0,6299.0,-34712.0
B-Os,-176960.0,-11682.0,-4781.0,-5980.0
B-P,-13768.0,-566.0,0.0,0.0
B-Pb,113894.0,32821.0,-14850.0,-12643.0
B-Pd,-187613.0,7269.0,-31289.0,14524.0
B-Pr,-257789.0,-85234.0,27639.0,-25286.0
B-Pt,-188379.0,-2681.0,871.0,20975.0
B-Rb,45852.0,81051.0,9902.0,-548.0
B-Re,-187088.0,-61739.0,14454.0,53746.0
B-Rh,-176855.0,-10229.0,-28209.0,-18994.0
B-Ru,-160036.0,-36216.0,-5890.0,29789.0
B-S,237.0,37797.0,0.0,0.0
B-Sb,79334.0,34119.0,3895.0,-5868.0
B-Sc,-270020.0,-62139.0,4983.0,-40396.0
B-Se,14740.0,50018.0,0.0,0.0
B-Si,8355.0,404.0,0.0,0.0
B-Sm,-260280.0,-88409.0,26546.0,-67945.0
B-Sn,65036.0,9734.0,15721.0,-17248.0
B-Sr,-134557.0,-38156.0,16724.0,-48260.0
B-Ta,-284954.0,-63757.0,-18597.0,42515.0
B-Tb,-252663.0,-100984.0,-6373.0,-27859.0
B-Te,2330.0,110776.0,19973.0,-107390.0
B-Ti,-278634.0,-76708.0,780.0,-16931.0
B-Tl,102531.0,31137.0,-20370.0,-29545.0
B-Tm,-271373.0,-76742.0,24753.0,-11757.0
B-U,-272599.0,-66699.0,-17119.0,-33560.0
B-V,-214545.0,-47876.0,-9581.0,-5824.0
B-W,-190127.0,-40773.0,-49032.0,9376.0
B-Y,-252829.0,-82267.0,2113.0,-36944.0
B-Yb,-234139.0,-102538.0,2750.0,-39513.0
B-Zn,1669.0,-19463.0,0.0,0.0
B-Zr,-331609.0,-77142.0,-28045.0,-26213.0
Ba-Be,-67982.0,13438.0,48840.0,-18346.0
Ba-Bi,-306415.0,3256.0,103044.0,25590.0
Ba-C,-449283.0,199010.0,-80637.0,18890.0
Ba-Ca,-8980.0,0.0,0.0,0.0
Ba-Cd,-157821.0,17335.0,57598.0,36384.0
Ba-Ce,101899.0,-14931.0,-21859.0,-5801.0
Ba-Co,63620.0,-19168.0,47009.0,-13847.0
Ba-Cr,177566.0,-92545.0,125561.0,34679.0
Ba-Cs,40983.0,8842.0,0.0,0.0
Ba-Cu,-13183.0,-3089.0,0.0,0.0
Ba-Dy,99645.0,-33944.0,-3157.0,38791.0
Ba-Er,92233.0,-22941.0,26671.0,18964.0
Ba-Eu,87892.0,-9191.0,7272.0,-188.0
Ba-Fe,169151.0,-66074.0,14868.0,31961.0
Ba-Ga,-158375.0,28657.0,58832.0,60453.0
Ba-Gd,97941.0,-27337.0,-1217.0,15847.0
Ba-Ge,-266423.0,24154.0,106691.0,27820.0
Ba-Hf,200282.0,-79437.0,82823.0,72947.0
Ba-Hg,-206426.0,24153.0,17924.0,11196.0
Ba-Ho,111120.0,-30530.0,-24500.0,38196.0
Ba-In,-152363.0,17907.0,14267.0,41065.0
Ba-Ir,-153100.0,23173.0,154137.0,66815.0
Ba-K,13201.0,4544.0,0.0,0.0
Ba-La,82674.0,-10775.0,14382.0,6434.0
Ba-Li,-7019.0,5670.0,0.0,0.0
Ba-Lu,113395.0,-40161.0,45201.0,62405.0
Ba-Mg,-27838.0,20553.0,0.0,0.0
Ba-Mn,123461.0,-53216.0,46726.0,19130.0
Ba-Mo,248941.0,-96220.0,95273.0,39664.0
Ba-Na,-24779.0,15018.0,0.0,0.0
Ba-Nb,291961.0,-103879.0,126643.0,29805.0
Ba-Nd,88478.0,-13230.0,-586.0,14651.0
Ba-Ni,28758.0,-19812.0,20967.0,33993.0
Ba-Os,-10907.0,-5839.0,0.0,0.0
Ba-P,-422571.0,88512.0,57688.0,-10341.0
Ba-Pb,-224118.0,24648.0,50331.0,-27286.0
Ba-Pd,-220125.0,85110.0,2528.0,-32152.0
Ba-Pr,94976.0,-9773.0,0.0,0.0
Ba-Pt,-208029.0,76112.0,82549.0,13722.0
Ba-Rb,32565.0,8152.0,0.0,0.0
Ba-Re,119361.0,-71491.0,141687.0,48844.0
Ba-Rh,-112008.0,51101.0,113124.0,6849.0
Ba-Ru,-5974.0,15229.0,0.0,0.0
Ba-S,-611297.0,157149.0,101886.0,-15368.0
Ba-Sb,-333687.0,-11455.0,109773.0,89824.0
Ba-Sc,119587.0,-32387.0,8058.0,30445.0
Ba-Se,-496084.0,108666.0,93803.0,-5669.0
Ba-Si,-207739.0,25283.0,25700.0,43687.0
Ba-Sm,90291.0,-13436.0,-23828.0,14890.0
Ba-Sn,-217473.0,56948.0,34404.0,-21576.0
Ba-Sr,-1490.0,0.0,0.0,0.0
Ba-Ta,278526.0,-103783.0,68101.0,49867.0
Ba-Tb,112389.0,-19449.0,-22253.0,21549.0
Ba-Te,-474573.0,62822.0,155279.0,13672.0
Ba-Ti,238324.0,-55082.0,23981.0,-29222.0
Ba-Tl,-170664.0,24050.0,18451.0,-16641.0
Ba-Tm,120178.0,-43389.0,-25056.0,35412.0
Ba-U,232685.0,-51086.0,12688.0,30656.0
Ba-V,209168.0,-85359.0,145996.0,-3137.0
Ba-W,230452.0,-73624.0,120778.0,9453.0
Ba-Y,96432.0,3529.0,-16020.0,-24682.0
Ba-Yb,98350.0,-24448.0,0.0,0.0
Ba-Zn,-117902.0,32437.0,80132.0,12604.0
Ba-Zr,204446.0,-47930.0,110840.0,-29316.0
Be-Bi,88612.0,24292.0,12438.0,46045.0
Be-C,-100449.0,-16253.0,-15191.0,9827.0
Be-Ca,-55548.0,-19747.0,-10734.0,26151.0
Be-Cd,40281.0,21676.0,6125.0,18670.0
Be-Ce,-128929.0,-56241.0,26608.0,30338.0
Be-Co,-41221.0,5946.0,13960.0,-1504.0
Be-Cr,-42612.0,-21802.0,43450.0,39337.0
Be-Cs,70917.0,70726.0,87505.0,14641.0
Be-Cu,-11812.0,21076.0,0.0,0.0
Be-Dy,-131245.0,-59955.0,-6939.0,41949.0
Be-Er,-164666.0,-29797.0,62073.0,22414.0
Be-Eu,-129366.0,-60630.0,29841.0,41762.0
Be-Fe,-34965.0,-3177.0,0.0,0.0
Be-Ga,12101.0,17799.0,0.0,0.0
Be-Gd,-130428.0,-54216.0,13677.0,21015.0
Be-Ge,16342.0,-25854.0,0.0,0.0
Be-Hf,-177683.0,-38800.0,-12920.0,58010.0
Be-Hg,43441.0,21524.0,48777.0,2369.0
Be-Ho,-139525.0,-49380.0,20006.0,50436.0
Be-In,58623.0,20066.0,47114.0,26994.0
Be-Ir,-94600.0,5325.0,-94455.0,30442.0
Be-K,75525.0,55393.0,78436.0,11781.0
Be-La,-116412.0,-42706.0,2387.0,32480.0
Be-Li,-37527.0,14544.0,28904.0,-6460.0
Be-Lu,-171442.0,-48563.0,44929.0,43851.0
Be-Mg,-3613.0,8992.0,0.0,0.0
Be-Mn,-47868.0,-31721.0,3379.0,39458.0
Be-Mo,-60086.0,-7438.0,-33790.0,72763.0
Be-Na,50362.0,27981.0,50273.0,-5871.0
Be-Nb,-125594.0,-28662.0,41317.0,42647.0
Be-Nd,-129082.0,-50326.0,15562.0,20019.0
Be-Ni,-67111.0,8210.0,4128.0,28440.0
Be-Os,-85114.0,-9539.0,-23915.0,53762.0
Be-P,-54438.0,-11066.0,57469.0,37541.0
Be-Pb,104012.0,38229.0,18143.0,18687.0
Be-Pd,-68604.0,3394.0,-20364.0,77351.0
Be-Pr,-136331.0,-45774.0,18908.0,16143.0
Be-Pt,-113573.0,26303.0,75724.0,27136.0
Be-Rb,71267.0,59999.0,82165.0,14980.0
Be-Re,-54240.0,-33807.0,-11870.0,51522.0
Be-Rh,-54578.0,-16621.0,-65067.0,66239.0
Be-Ru,-42173.0,-2610.0,-78679.0,39757.0
Be-S,-20154.0,7824.0,0.0,0.0
Be-Sb,39220.0,-22466.0,33313.0,99324.0
Be-Sc,-145197.0,-28715.0,29788.0,10375.0
Be-Se,6709.0,40714.0,0.0,0.0
Be-Si,-9280.0,-15819.0,0.0,0.0
Be-Sm,-128639.0,-54770.0,-9217.0,31957.0
Be-Sn,45033.0,12266.0,62702.0,61613.0
Be-Sr,-58268.0,-5234.0,22480.0,-4850.0
Be-Ta,-140835.0,-17810.0,-4780.0,58982.0
Be-Tb,-132856.0,-62218.0,-13912.0,36895.0
Be-Te,-67081.0,61051.0,125653.0,12762.0
Be-Ti,-126313.0,-33201.0,25831.0,35831.0
Be-Tl,112795.0,40391.0,19355.0,-7254.0
Be-Tm,-147323.0,-49303.0,30262.0,44975.0
Be-U,-119266.0,-20706.0,-6680.0,40379.0
Be-V,-79746.0,-11834.0,26717.0,26968.0
Be-W,-65643.0,-6781.0,-61025.0,30726.0
Be-Y,-142826.0,-43396.0,24603.0,14248.0
Be-Yb,-152324.0,-64478.0,80438.0,38299.0
Be-Zn,8847.0,24893.0,0.0,0.0
Be-Zr,-194133.0,-48762.0,67700.0,24036.0
Bi-C,-77747.0,24388.0,-31019.0,-10896.0
Bi-Ca,-232004.0,58272.0,34205.0,-41494.0
Bi-Cd,4659.0,0.0,0.0,0.0
Bi-Ce,-241020.0,-7047.0,50677.0,-21823.0
Bi-Co,40833.0,-18188.0,-6171.0,-17861.0
Bi-Cr,65951.0,-17764.0,6882.0,-41142.0
Bi-Cs,-152059.0,14362.0,66244.0,-18814.0
Bi-Cu,23866.0,0.0,0.0,0.0
Bi-Dy,-268128.0,-4186.0,95685.0,-27533.0
Bi-Er,-252017.0,5049.0,83944.0,25977.0
Bi-Eu,-248641.0,12850.0,74357.0,-3666.0
Bi-Fe,76592.0,-26354.0,-4062.0,-23588.0
Bi-Ga,10182.0,-1399.0,0.0,0.0
Bi-Gd,-246249.0,-28117.0,64925.0,13613.0
Bi-Ge,12734.0,0.0,0.0,0.0
Bi-Hf,-186750.0,36348.0,71650.0,-32207.0
Bi-Hg,2077.0,0.0,0.0,0.0
Bi-Ho,-270608.0,13917.0,94144.0,-1467.0
Bi-In,-7046.0,0.0,0.0,0.0
Bi-Ir,16514.0,5066.0,0.0,0.0
Bi-K,-144321.0,54741.0,57244.0,-46073.0
Bi-La,-235006.0,945.0,26349.0,-18718.0
Bi-Li,-154072.0,164319.0,-61649.0,-78396.0
Bi-Lu,-243033.0,18843.0,54135.0,-24408.0
Bi-Mg,-76430.0,64559.0,12399.0,-27233.0
Bi-Mn,-21271.0,-14754.0,0.0,0.0
Bi-Mo,97450.0,-29526.0,19151.0,26341.0
Bi-Na,-130228.0,104878.0,-4147.0,-83040.0
Bi-Nb,-1851.0,-22694.0,0.0,0.0
Bi-Nd,-261671.0,-33874.0,48003.0,8172.0
Bi-Ni,14338.0,-14201.0,0.0,0.0
Bi-Os,81555.0,2987.0,4443.0,-68402.0
Bi-P,4486.0,-9273.0,0.0,0.0
Bi-Pb,-4337.0,0.0,0.0,0.0
Bi-Pd,-109904.0,28103.0,-2069.0,-10534.0
Bi-Pr,-266517.0,-19539.0,67070.0,-3597.0
Bi-Pt,-58917.0,21330.0,-4661.0,12676.0
Bi-Rb,-148154.0,23174.0,66568.0,-10554.0
Bi-Re,113316.0,-23399.0,42802.0,-44721.0
Bi-Rh,-43308.0,34961.0,-21903.0,-66770.0
Bi-Ru,34553.0,7232.0,-16789.0,-63610.0
Bi-S,-111680.0,25114.0,29725.0,-6919.0
Bi-Sb,2205.0,0.0,0.0,0.0
Bi-Sc,-220228.0,32066.0,43266.0,-14399.0
Bi-Se,-77257.0,35656.0,45666.0,-54196.0
Bi-Si,52325.0,-24736.0,-10027.0,21084.0
Bi-Sm,-256315.0,-18077.0,54744.0,-6278.0
Bi-Sn,591.0,0.0,0.0,0.0
Bi-Sr,-270399.0,23412.0,21362.0,-27473.0
Bi-Ta,-19578.0,-4917.0,0.0,0.0
Bi-Tb,-268948.0,-24863.0,76721.0,8026.0
Bi-Te,-40472.0,5322.0,0.0,0.0
Bi-Ti,-107947.0,16862.0,55605.0,-38988.0
Bi-Tl,360.0,-1983.0,0.0,0.0
Bi-Tm,-264727.0,17072.0,101942.0,-15057.0
Bi-U,-117862.0,6927.0,55477.0,-8814.0
Bi-V,6164.0,-14008.0,0.0,0.0
Bi-W,135909.0,-52483.0,-14896.0,10974.0
Bi-Y,-260513.0,-2372.0,63896.0,8536.0
Bi-Yb,-228127.0,38291.0,64606.0,-26903.0
Bi-Zn,18215.0,0.0,0.0,0.0
Bi-Zr,-208126.0,32169.0,69427.0,-38946.0
C-Ca,-397718.0,-158528.0,-85686.0,-11189.0
C-Cd,-129031.0,-59847.0,-9562.0,28699.0
C-Ce,-544651.0,-213961.0,-48401.0,-5302.0
C-Co,-256907.0,-36589.0,65626.0,5386.0
C-Cr,-319735.0,-75214.0,-406.0,4918.0
C-Cs,-248033.0,-117157.0,-115677.0,8775.0
C-Cu,-188642.0,-16261.0,-482.0,-17892.0
C-Dy,-565144.0,-231393.0,-53342.0,-54138.0
C-Er,-560795.0,-205851.0,-19094.0,-9350.0
C-Eu,-562200.0,-199454.0,-11342.0,-37593.0
C-Fe,-282101.0,-62358.0,42699.0,12481.0
C-Ga,-162628.0,-37106.0,-10693.0,-6031.0
C-Gd,-550123.0,-212399.0,-11146.0,-19801.0
C-Ge,-98051.0,-15150.0,2221.0,-2846.0
C-Hf,-588189.0,-213528.0,-37423.0,74968.0
C-Hg,-97652.0,-40599.0,-32797.0,22967.0
C-Ho,-557269.0,-227684.0,-58569.0,2850.0
C-In,-137031.0,-53349.0,-43940.0,4248.0
C-Ir,-226333.0,-39506.0,-60332.0,-7727.0
C-K,-247067.0,-91670.0,-60763.0,22826.0
C-La,-512634.0,-210388.0,-99241.0,-37926.0
C-Li,-327908.0,-24924.0,7751.0,46082.0
C-Lu,-569770.0,-223710.0,-53482.0,-3075.0
C-Mg,-269994.0,-64447.0,-7508.0,16855.0
C-Mn,-341745.0,-86218.0,33868.0,-770.0
C-Mo,-359390.0,-88168.0,14935.0,54096.0
C-Na,-249396.0,-54757.0,-29884.0,8753.0
C-Nb,-487221.0,-139041.0,11009.0,23748.0
C-Nd,-555291.0,-228001.0,-46360.0,-31816.0
C-Ni,-247091.0,-9534.0,39673.0,-24712.0
C-Os,-256218.0,-43464.0,56291.0,30948.0
C-P,-30040.0,4606.0,0.0,0.0
C-Pb,-76688.0,-39083.0,-29874.0,23176.0
C-Pd,-218028.0,3889.0,-1390.0,19255.0
C-Pr,-552048.0,-225150.0,-52909.0,9145.0
C-Pt,-218751.0,16534.0,55473.0,-10548.0
C-Rb,-242310.0,-107339.0,-92537.0,15965.0
C-Re,-279037.0,-90236.0,54512.0,73595.0
C-Rh,-239193.0,-44996.0,-2151.0,6929.0
C-Ru,-235716.0,-67381.0,9336.0,33358.0
C-S,-5700.0,19565.0,0.0,0.0
C-Sb,-71195.0,-25869.0,-572.0,15147.0
C-Sc,-550101.0,-181492.0,-47240.0,-598.0
C-Se,-28804.0,13264.0,6713.0,44317.0
C-Si,-110110.0,-24390.0,-1205.0,9096.0
C-Sm,-554865.0,-225522.0,-62945.0,-55315.0
C-Sn,-116518.0,-38932.0,-12242.0,-28374.0
C-Sr,-426491.0,-192859.0,-72919.0,8926.0
C-Ta,-497420.0,-156717.0,-12899.0,84659.0
C-Tb,-562851.0,-220050.0,-54812.0,-50774.0
C-Te,-144209.0,17499.0,115277.0,16674.0
C-Ti,-513632.0,-160281.0,15359.0,49779.0
C-Tl,-102446.0,-40643.0,-29398.0,15047.0
C-Tm,-568099.0,-214774.0,-16709.0,3287.0
C-U,-503957.0,-166470.0,-51718.0,42306.0
C-V,-410130.0,-100462.0,34688.0,12218.0
C-W,-332227.0,-119511.0,-26619.0,53945.0
C-Y,-552663.0,-216024.0,-36088.0,3646.0
C-Yb,-536456.0,-190479.0,-16050.0,-53445.0
C-Zn,-151913.0,-49492.0,1386.0,25507.0
C-Zr,-607202.0,-195771.0,-23652.0,17644.0
Ca-Cd,-132706.0,16416.0,14002.0,1075.0
Ca-Ce,50386.0,-10829.0,-4963.0,-3895.0
Ca-Co,44609.0,-18643.0,-8906.0,-9504.0
Ca-Cr,159720.0,-55506.0,47980.0,15810.0
Ca-Cs,59394.0,19024.0,9559.0,-7398.0
Ca-Cu,-29710.0,8411.0,0.0,0.0
Ca-Dy,40649.0,-15108.0,4890.0,17782.0
Ca-Er,39273.0,-2488.0,21526.0,-6380.0
Ca-Eu,43302.0,-10507.0,-18803.0,-68.0
Ca-Fe,120797.0,-55884.0,616.0,46605.0
Ca-Ga,-155451.0,6679.0,9951.0,24827.0
Ca-Gd,49972.0,-13400.0,12941.0,0.0
Ca-Ge,-194459.0,-5698.0,39461.0,-1365.0
Ca-Hf,123428.0,-23045.0,26156.0,17165.0
Ca-Hg,-178823.0,-27568.0,25821.0,63084.0
Ca-Ho,37381.0,-5810.0,15479.0,6380.0
Ca-In,-148621.0,14560.0,34378.0,0.0
Ca-Ir,-177654.0,25621.0,107451.0,10162.0
Ca-K,35647.0,3321.0,0.0,0.0
Ca-La,43466.0,-3927.0,-2663.0,-11750.0
Ca-Li,-6324.0,-2745.0,0.0,0.0
Ca-Lu,51091.0,-9407.0,11577.0,865.0
Ca-Mg,-33042.0,0.0,0.0,0.0
Ca-Mn,86536.0,-22394.0,8311.0,-12957.0
Ca-Mo,191144.0,-47965.0,21622.0,17122.0
Ca-Na,-1402.0,-4492.0,0.0,0.0
Ca-Nb,226099.0,-59061.0,55430.0,9277.0
Ca-Nd,43770.0,-8737.0,-5189.0,-4964.0
Ca-Ni,-8444.0,-19128.0,0.0,0.0
Ca-Os,-65893.0,-13400.0,72331.0,41082.0
Ca-P,-403896.0,25385.0,106882.0,16195.0
Ca-Pb,-178565.0,-40253.0,36278.0,-1967.0
Ca-Pd,-203949.0,32714.0,-51054.0,-4401.0
Ca-Pr,45548.0,-16359.0,7503.0,9457.0
Ca-Pt,-225809.0,58216.0,24724.0,-35145.0
Ca-Rb,46420.0,11419.0,11140.0,0.0
Ca-Re,66538.0,-37144.0,37736.0,12381.0
Ca-Rh,-125822.0,31626.0,30949.0,-951.0
Ca-Ru,-44826.0,-8007.0,15441.0,58422.0
Ca-S,-555544.0,86858.0,112514.0,-32806.0
Ca-Sb,-237409.0,-37357.0,60694.0,19519.0
Ca-Sc,83006.0,-8312.0,-16374.0,-14960.0
Ca-Se,-458708.0,39618.0,124299.0,-13764.0
Ca-Si,-175648.0,15001.0,19889.0,26006.0
Ca-Sm,45577.0,-1870.0,-1371.0,-12765.0
Ca-Sn,-200628.0,6369.0,66272.0,-12664.0
Ca-Sr,1146.0,0.0,0.0,0.0
Ca-Ta,199922.0,-51726.0,26790.0,25562.0
Ca-Tb,41315.0,-10789.0,9739.0,-421.0
Ca-Te,-429123.0,2044.0,143054.0,25316.0
Ca-Ti,161343.0,-24159.0,75003.0,-47638.0
Ca-Tl,-144279.0,-27981.0,2349.0,26713.0
Ca-Tm,52983.0,-4743.0,-8606.0,616.0
Ca-U,136619.0,-22843.0,25396.0,16675.0
Ca-V,174573.0,-45686.0,45422.0,-29839.0
Ca-W,181415.0,-23490.0,-12168.0,-16757.0
Ca-Y,37559.0,-11295.0,51564.0,-4563.0
Ca-Yb,47336.0,-6712.0,14163.0,0.0
Ca-Zn,-95366.0,19050.0,19642.0,14845.0
Ca-Zr,140661.0,-15396.0,61238.0,-57039.0
Cd-Ce,-136516.0,-24834.0,41784.0,-36291.0
Cd-Co,15337.0,-35158.0,0.0,0.0
Cd-Cr,55222.0,2383.0,38502.0,-41837.0
Cd-Cs,-7622.0,-9847.0,0.0,0.0
Cd-Cu,-12848.0,5198.0,0.0,0.0
Cd-Dy,-134219.0,-29203.0,23644.0,19438.0
Cd-Er,-159621.0,-8715.0,104427.0,-2376.0
Cd-Eu,-131893.0,-20061.0,3024.0,-12632.0
Cd-Fe,53179.0,-25990.0,6836.0,2890.0
Cd-Ga,5553.0,4904.0,0.0,0.0
Cd-Gd,-118756.0,-37253.0,15206.0,3995.0
Cd-Ge,1287.0,-3348.0,0.0,0.0
Cd-Hf,-98906.0,30581.0,-2065.0,-37223.0
Cd-Hg,-765.0,0.0,0.0,0.0
Cd-Ho,-146368.0,-30752.0,68847.0,38090.0
Cd-In,5321.0,0.0,0.0,0.0
Cd-Ir,-61320.0,-14010.0,-38522.0,-4753.0
Cd-K,2385.0,-6624.0,0.0,0.0
Cd-La,-124012.0,-24180.0,-23167.0,-16273.0
Cd-Li,-76556.0,15028.0,-15926.0,-9383.0
Cd-Lu,-147823.0,-5281.0,78241.0,-25231.0
Cd-Mg,-22528.0,0.0,0.0,0.0
Cd-Mn,19767.0,-12351.0,0.0,0.0
Cd-Mo,95172.0,5662.0,-55909.0,6835.0
Cd-Na,-15057.0,-20127.0,0.0,0.0
Cd-Nb,43289.0,10909.0,-684.0,-56904.0
Cd-Nd,-124593.0,-30943.0,-1436.0,-12182.0
Cd-Ni,-15132.0,-11820.0,0.0,0.0
Cd-Os,-4486.0,-23284.0,0.0,0.0
Cd-P,-55083.0,-6508.0,-11002.0,5097.0
Cd-Pb,9149.0,0.0,0.0,0.0
Cd-Pd,-141887.0,-24569.0,81318.0,4785.0
Cd-Pr,-133033.0,-26115.0,16393.0,-25519.0
Cd-Pt,-129140.0,4039.0,53466.0,17141.0
Cd-Rb,-8332.0,-8421.0,0.0,0.0
Cd-Re,69088.0,-28304.0,-27931.0,-19867.0
Cd-Rh,-66035.0,-18411.0,24367.0,21077.0
Cd-Ru,1576.0,-8897.0,0.0,0.0
Cd-S,-133545.0,20290.0,-5111.0,-52617.0
Cd-Sb,-6661.0,0.0,0.0,0.0
Cd-Sc,-115992.0,-1237.0,48031.0,-12747.0
Cd-Se,-90799.0,14777.0,10232.0,-20182.0
Cd-Si,13631.0,-63.0,0.0,0.0
Cd-Sm,-132498.0,-33142.0,135.0,11006.0
Cd-Sn,7823.0,0.0,0.0,0.0
Cd-Sr,-165254.0,-18997.0,79021.0,-31360.0
Cd-Ta,7102.0,4345.0,0.0,0.0
Cd-Tb,-118538.0,-37872.0,-12202.0,30163.0
Cd-Te,-158546.0,11981.0,151472.0,-6029.0
Cd-Ti,-22965.0,-7595.0,0.0,0.0
Cd-Tl,6864.0,0.0,0.0,0.0
Cd-Tm,-155550.0,-26852.0,98618.0,-3469.0
Cd-U,-19193.0,-3149.0,0.0,0.0
Cd-V,39512.0,8262.0,15260.0,-63023.0
Cd-W,104864.0,-16848.0,-75953.0,-10640.0
Cd-Y,-149899.0,-21415.0,59094.0,15646.0
Cd-Yb,-128454.0,-24657.0,17049.0,5977.0
Cd-Zn,8476.0,0.0,0.0,0.0
Cd-Zr,-124295.0,25681.0,81497.0,-86436.0
Ce-Co,-71285.0,26154.0,29781.0,-33057.0
Ce-Cr,39413.0,-20359.0,48493.0,-5940.0
Ce-Cs,242829.0,74423.0,19078.0,17198.0
Ce-Cu,-44329.0,29619.0,-16975.0,0.0
Ce-Dy,20502.0,0.0,0.0,0.0
Ce-Er,3127.0,6054.0,0.0,0.0
Ce-Eu,13495.0,2494.0,0.0,0.0
Ce-Fe,-3625.0,0.0,0.0,0.0
Ce-Ga,-193232.0,51597.0,5995.0,23531.0
Ce-Gd,11712.0,0.0,0.0,0.0
Ce-Ge,-282266.0,39788.0,54762.0,-17823.0
Ce-Hf,32261.0,7769.0,0.0,0.0
Ce-Hg,-175891.0,37232.0,29657.0,23738.0
Ce-Ho,6689.0,-995.0,0.0,0.0
Ce-In,-144772.0,17242.0,-20666.0,9269.0
Ce-Ir,-242485.0,73182.0,-11358.0,1782.0
Ce-K,201859.0,64772.0,10141.0,-17736.0
Ce-La,-959.0,0.0,0.0,0.0
Ce-Li,34037.0,10189.0,0.0,0.0
Ce-Lu,-983.0,-1409.0,0.0,0.0
Ce-Mg,-9366.0,33493.0,0.0,0.0
Ce-Mn,22064.0,-7515.0,0.0,0.0
Ce-Mo,78334.0,-21586.0,5659.0,19655.0
Ce-Na,108501.0,23579.0,16598.0,-13498.0
Ce-Nb,111621.0,-32913.0,54538.0,8526.0
Ce-Nd,7635.0,-6209.0,0.0,0.0
Ce-Ni,-133676.0,58158.0,0.0,0.0
Ce-Os,-153035.0,47319.0,6475.0,-11234.0
Ce-P,-515640.0,107967.0,81385.0,8512.0
Ce-Pb,-186848.0,10151.0,45095.0,6005.0
Ce-Pd,-329838.0,80457.0,4785.0,-16657.0
Ce-Pr,-2780.0,0.0,0.0,0.0
Ce-Pt,-327301.0,78391.0,19120.0,2235.0
Ce-Rb,215175.0,63746.0,33936.0,3335.0
Ce-Re,-24668.0,1747.0,0.0,0.0
Ce-Rh,-207599.0,47290.0,6128.0,16358.0
Ce-Ru,-142189.0,43824.0,11465.0,-22455.0
Ce-S,-599616.0,113827.0,56130.0,21605.0
Ce-Sb,-296670.0,19720.0,42186.0,240.0
Ce-Sc,13470.0,2299.0,0.0,0.0
Ce-Se,-489552.0,105493.0,43660.0,-11478.0
Ce-Si,-276381.0,25153.0,62366.0,-12701.0
Ce-Sm,15689.0,-1718.0,0.0,0.0
Ce-Sn,-220836.0,40148.0,-2378.0,-46185.0
Ce-Sr,75190.0,2669.0,-26229.0,43303.0
Ce-Ta,101630.0,-22496.0,16436.0,39175.0
Ce-Tb,8596.0,222.0,0.0,0.0
Ce-Te,-441273.0,49652.0,117148.0,4691.0
Ce-Ti,56334.0,-17930.0,13491.0,-2572.0
Ce-Tl,-127914.0,7045.0,23069.0,36297.0
Ce-Tm,-4816.0,8967.0,0.0,0.0
Ce-U,56643.0,813.0,-20467.0,557.0
Ce-V,52875.0,-29580.0,56958.0,15984.0
Ce-W,78704.0,7315.0,75.0,-30065.0
Ce-Y,3185.0,0.0,0.0,0.0
Ce-Yb,21499.0,1860.0,0.0,0.0
Ce-Zn,-106116.0,40809.0,13976.0,24703.0
Ce-Zr,41328.0,3946.0,23164.0,-22158.0
Co-Cr,-11710.0,-6900.0,0.0,0.0
Co-Cs,176944.0,148547.0,214990.0,22430.0
Co-Cu,32077.0,0.0,0.0,0.0
Co-Dy,-92237.0,-18653.0,-7322.0,34946.0
Co-Er,-106420.0,-15024.0,15515.0,19354.0
Co-Eu,-37052.0,-27115.0,-46048.0,16912.0
Co-Fe,-9776.0,0.0,0.0,0.0
Co-Ga,-62421.0,14637.0,0.0,0.0
Co-Gd,-72573.0,-4235.0,0.0,0.0
Co-Ge,-85881.0,-46376.0,-9932.0,43215.0
Co-Hf,-162984.0,-11132.0,17784.0,-5787.0
Co-Hg,-22410.0,18458.0,113237.0,38205.0
Co-Ho,-89587.0,0.0,0.0,0.0
Co-In,31458.0,6217.0,0.0,0.0
Co-Ir,-61636.0,-8636.0,6164.0,7847.0
Co-K,167158.0,134940.0,175923.0,498.0
Co-La,-35833.0,-8516.0,3912.0,23808.0
Co-Li,7200.0,44465.0,0.0,0.0
Co-Lu,-108086.0,-29352.0,890.0,30248.0
Co-Mg,-1121.0,34808.0,0.0,0.0
Co-Mn,-15056.0,0.0,0.0,0.0
Co-Mo,-70093.0,6626.0,15119.0,-20062.0
Co-Na,110852.0,70229.0,135758.0,16562.0
Co-Nb,-76493.0,6927.0,19799.0,-32576.0
Co-Nd,-85715.0,-29370.0,34945.0,36253.0
Co-Ni,1165.0,0.0,0.0,0.0
Co-Os,-34993.0,-2233.0,0.0,0.0
Co-P,-221545.0,-24680.0,94248.0,44483.0
Co-Pb,33240.0,35658.0,57709.0,8164.0
Co-Pd,-1140.0,0.0,0.0,0.0
Co-Pr,-91308.0,-39416.0,45659.0,59555.0
Co-Pt,-38845.0,1625.0,0.0,0.0
Co-Rb,170048.0,141221.0,190397.0,7609.0
Co-Re,-20719.0,-4658.0,0.0,0.0
Co-Rh,-12266.0,-2530.0,0.0,0.0
Co-Ru,-22584.0,1912.0,0.0,0.0
Co-S,-157000.0,2306.0,108081.0,21909.0
Co-Sb,-202.0,2371.0,0.0,0.0
Co-Sc,-104418.0,-24498.0,2742.0,34401.0
Co-Se,-67218.0,24437.0,-16314.0,5817.0
Co-Si,-184336.0,-2721.0,46665.0,-8370.0
Co-Sm,-65723.0,-9860.0,0.0,0.0
Co-Sn,-32363.0,25660.0,0.0,0.0
Co-Sr,79211.0,21625.0,-2452.0,14281.0
Co-Ta,-132680.0,3879.0,29155.0,-19854.0
Co-Tb,-94483.0,-10525.0,6651.0,7324.0
Co-Te,-7203.0,-18051.0,0.0,0.0
Co-Ti,-115586.0,-21709.0,22028.0,0.0
Co-Tl,24338.0,32290.0,86563.0,8470.0
Co-Tm,-96852.0,-21341.0,16304.0,5809.0
Co-U,-89707.0,-17530.0,-28014.0,18012.0
Co-V,-53231.0,-7074.0,9800.0,0.0
Co-W,-54376.0,-3116.0,23765.0,9622.0
Co-Y,-86074.0,-20299.0,-1607.0,13202.0
Co-Yb,-20307.0,-52751.0,-33367.0,27539.0
Co-Zn,-12915.0,40883.0,0.0,0.0
Co-Zr,-145595.0,-25173.0,48652.0,-36653.0
Cr-Cs,331352.0,246249.0,160056.0,-11263.0
Cr-Cu,66041.0,0.0,0.0,0.0
Cr-Dy,36323.0,0.0,0.0,0.0
Cr-Er,18089.0,12306.0,0.0,0.0
Cr-Eu,48848.0,13327.0,38878.0,-21785.0
Cr-Fe,815.0,0.0,0.0,0.0
Cr-Ga,-22779.0,-808.0,0.0,0.0
Cr-Gd,43276.0,9762.0,4542.0,0.0
Cr-Ge,-56022.0,-34173.0,36545.0,12734.0
Cr-Hf,-72755.0,6265.0,36948.0,4262.0
Cr-Hg,22905.0,55734.0,36616.0,-16123.0
Cr-Ho,38809.0,7058.0,135.0,10414.0
Cr-In,51168.0,15551.0,51117.0,13394.0
Cr-Ir,-142519.0,-11381.0,48026.0,32430.0
Cr-K,310655.0,195023.0,121075.0,-21136.0
Cr-La,52047.0,27830.0,30242.0,-6320.0
Cr-Li,104451.0,11906.0,24583.0,42975.0
Cr-Lu,17979.0,4883.0,0.0,0.0
Cr-Mg,68138.0,30981.0,44127.0,-2891.0
Cr-Mn,4430.0,0.0,0.0,0.0
Cr-Mo,15702.0,0.0,0.0,0.0
Cr-Na,231308.0,87935.0,62745.0,402.0
Cr-Nb,-39146.0,-1161.0,0.0,0.0
Cr-Nd,37815.0,10146.0,0.0,0.0
Cr-Ni,-12294.0,0.0,0.0,0.0
Cr-Os,-90020.0,-10086.0,3138.0,10127.0
Cr-P,-276856.0,5817.0,82285.0,-22428.0
Cr-Pb,60697.0,33994.0,85204.0,13433.0
Cr-Pd,-19865.0,4301.0,0.0,0.0
Cr-Pr,37840.0,7393.0,15560.0,12107.0
Cr-Pt,-122744.0,23756.0,9263.0,-18968.0
Cr-Rb,315628.0,220427.0,144789.0,-14312.0
Cr-Re,-57611.0,-15994.0,64845.0,14004.0
Cr-Rh,-74786.0,10132.0,13486.0,0.0
Cr-Ru,-81691.0,3343.0,31642.0,11164.0
Cr-S,-242957.0,31245.0,107254.0,-21279.0
Cr-Sb,5669.0,-8404.0,0.0,0.0
Cr-Sc,11284.0,0.0,0.0,0.0
Cr-Se,-136058.0,9705.0,51965.0,4411.0
Cr-Si,-122135.0,-8631.0,40727.0,-3818.0
Cr-Sm,32042.0,3836.0,0.0,0.0
Cr-Sn,21496.0,-2535.0,0.0,0.0
Cr-Sr,162890.0,73830.0,133659.0,-2946.0
Cr-Ta,-55767.0,-2777.0,14554.0,30320.0
Cr-Tb,34802.0,3612.0,0.0,0.0
Cr-Te,-48199.0,17846.0,-20057.0,-5048.0
Cr-Ti,-51386.0,-2044.0,58910.0,-5894.0
Cr-Tl,77856.0,35656.0,86803.0,10223.0
Cr-Tm,37160.0,12132.0,-26939.0,-20328.0
Cr-U,-44776.0,-11209.0,61792.0,36855.0
Cr-V,-9041.0,0.0,0.0,0.0
Cr-W,-18531.0,12351.0,0.0,0.0
Cr-Y,14974.0,23812.0,67291.0,-15007.0
Cr-Yb,38850.0,6497.0,19476.0,-33625.0
Cr-Zn,12993.0,6232.0,0.0,0.0
Cr-Zr,-66079.0,-11106.0,21490.0,-8047.0
Cs-Cu,96699.0,-66675.0,90442.0,-24116.0
Cs-Dy,223854.0,-131633.0,112423.0,45431.0
Cs-Er,227684.0,-97477.0,107312.0,-10864.0
Cs-Eu,232041.0,-79962.0,39229.0,-3821.0
Cs-Fe,275999.0,-215775.0,213929.0,25872.0
Cs-Ga,-1953.0,-26907.0,0.0,0.0
Cs-Gd,232376.0,-117682.0,99543.0,25304.0
Cs-Ge,-85603.0,-19580.0,38504.0,-3176.0
Cs-Hf,361878.0,-165130.0,88193.0,-25202.0
Cs-Hg,-62425.0,-9379.0,24902.0,27078.0
Cs-Ho,201517.0,-115289.0,141307.0,7052.0
Cs-In,-26086.0,9926.0,0.0,0.0
Cs-Ir,89119.0,-47203.0,-17151.0,-6222.0
Cs-K,460.0,0.0,0.0,0.0
Cs-La,227200.0,-66078.0,26792.0,-17103.0
Cs-Li,55740.0,-25774.0,6828.0,0.0
Cs-Lu,219423.0,-122139.0,117537.0,-1263.0
Cs-Mg,71398.0,-34319.0,19953.0,8239.0
Cs-Mn,242450.0,-185279.0,190284.0,-1209.0
Cs-Mo,447847.0,-227648.0,81819.0,3949.0
Cs-Na,4030.0,0.0,0.0,0.0
Cs-Nb,483560.0,-246411.0,130148.0,-12971.0
Cs-Nd,227597.0,-90126.0,51941.0,-13939.0
Cs-Ni,128701.0,-122236.0,179793.0,-7541.0
Cs-Os,187070.0,-99258.0,50749.0,-27905.0
Cs-P,-191754.0,6581.0,50282.0,42081.0
Cs-Pb,-110261.0,18984.0,64716.0,-11527.0
Cs-Pd,-102952.0,6680.0,172305.0,-38496.0
Cs-Pr,224923.0,-87366.0,68464.0,-5150.0
Cs-Pt,-12171.0,-10852.0,0.0,0.0
Cs-Rb,-497.0,0.0,0.0,0.0
Cs-Re,339058.0,-185136.0,50989.0,7736.0
Cs-Rh,68867.0,-70466.0,36085.0,39310.0
Cs-Ru,181627.0,-122859.0,38717.0,37301.0
Cs-S,-399751.0,161781.0,998.0,-46705.0
Cs-Sb,-187704.0,-23202.0,88228.0,49419.0
Cs-Sc,227400.0,-128316.0,126998.0,8324.0
Cs-Se,-337708.0,78984.0,77479.0,-1478.0
Cs-Si,-4465.0,-41644.0,0.0,0.0
Cs-Sm,231290.0,-103248.0,56452.0,30476.0
Cs-Sn,-71427.0,-5718.0,30780.0,34183.0
Cs-Sr,38628.0,-14468.0,25746.0,4738.0
Cs-Ta,456413.0,-223499.0,100682.0,-2960.0
Cs-Tb,230301.0,-124739.0,120906.0,28817.0
Cs-Te,-349565.0,72367.0,226726.0,-20727.0
Cs-Ti,363054.0,-216117.0,160205.0,8472.0
Cs-Tl,-61977.0,-3464.0,29106.0,17254.0
Cs-Tm,209372.0,-108249.0,159103.0,-39247.0
Cs-U,402888.0,-179183.0,62191.0,27177.0
Cs-V,361051.0,-238836.0,149595.0,-16881.0
Cs-W,447190.0,-219033.0,53784.0,-8397.0
Cs-Y,216767.0,-102231.0,67707.0,30234.0
Cs-Yb,256843.0,-104650.0,55709.0,4549.0
Cs-Zn,36548.0,-32993.0,29347.0,41472.0
Cs-Zr,350008.0,-160866.0,164773.0,-73379.0
Cu-Dy,-89394.0,-31228.0,0.0,0.0
Cu-Er,-96399.0,-10436.0,10599.0,4622.0
Cu-Eu,-29562.0,-4175.0,6662.0,7948.0
Cu-Fe,48380.0,12429.0,0.0,0.0
Cu-Ga,-44549.0,-23268.0,0.0,0.0
Cu-Gd,-76275.0,-30892.0,0.0,0.0
Cu-Ge,-25375.0,-38367.0,0.0,0.0
Cu-Hf,-79434.0,-10807.0,-1559.0,32871.0
Cu-Hg,-17529.0,587.0,0.0,0.0
Cu-Ho,-79139.0,-25203.0,-10968.0,34023.0
Cu-In,-14772.0,-18310.0,0.0,0.0
Cu-Ir,-57428.0,-22243.0,-27062.0,22127.0
Cu-K,93478.0,58725.0,57327.0,18357.0
Cu-La,-52413.0,-30941.0,-34896.0,0.0
Cu-Li,-56478.0,25612.0,7641.0,-12046.0
Cu-Lu,-84490.0,-21244.0,-4536.0,8515.0
Cu-Mg,-36787.0,-7627.0,0.0,0.0
Cu-Mn,1339.0,-9995.0,0.0,0.0
Cu-Mo,38865.0,27973.0,3588.0,9914.0
Cu-Na,47307.0,25464.0,18257.0,7926.0
Cu-Nb,6553.0,1334.0,0.0,0.0
Cu-Nd,-53163.0,-29697.0,0.0,0.0
Cu-Ni,12096.0,0.0,0.0,0.0
Cu-Os,-20280.0,-19018.0,0.0,0.0
Cu-P,-134074.0,6163.0,12944.0,-61105.0
Cu-Pb,25029.0,1271.0,0.0,0.0
Cu-Pd,-61533.0,-18763.0,0.0,0.0
Cu-Pr,-67714.0,-28582.0,0.0,0.0
Cu-Pt,-47000.0,29437.0,-17426.0,-16133.0
Cu-Rb,93040.0,63121.0,64129.0,20312.0
Cu-Re,36494.0,-33169.0,-6510.0,23296.0
Cu-Rh,-31343.0,6944.0,0.0,0.0
Cu-Ru,-9239.0,7264.0,0.0,0.0
Cu-S,-144016.0,22808.0,-37571.0,-80381.0
Cu-Sb,-6571.0,-11900.0,0.0,0.0
Cu-Sc,-96046.0,-12798.0,14486.0,0.0
Cu-Se,-97756.0,-342.0,-8886.0,-6442.0
Cu-Si,-36847.0,-45155.0,-37323.0,0.0
Cu-Sm,-71983.0,-28218.0,-3068.0,11099.0
Cu-Sn,-11557.0,-22265.0,0.0,0.0
Cu-Sr,-17113.0,-8719.0,0.0,0.0
Cu-Ta,-27817.0,11938.0,0.0,0.0
Cu-Tb,-91112.0,-33236.0,-10970.0,12167.0
Cu-Te,-54311.0,-9873.0,5009.0,-11612.0
Cu-Ti,-19492.0,2568.0,0.0,0.0
Cu-Tl,32273.0,0.0,0.0,0.0
Cu-Tm,-88060.0,-18899.0,24798.0,10162.0
Cu-U,-20874.0,-764.0,0.0,0.0
Cu-V,36333.0,0.0,0.0,0.0
Cu-W,43918.0,-10659.0,-48055.0,28678.0
Cu-Y,-89143.0,-33004.0,-13184.0,38207.0
Cu-Yb,-30482.0,-31275.0,0.0,0.0
Cu-Zn,-39703.0,0.0,0.0,0.0
Cu-Zr,-69167.0,-1361.0,18499.0,-35926.0
Dy-Er,-5354.0,0.0,0.0,0.0
Dy-Eu,11725.0,-4912.0,0.0,0.0
Dy-Fe,-32451.0,12714.0,0.0,0.0
Dy-Ga,-193734.0,36040.0,63748.0,22750.0
Dy-Gd,4437.0,-1600.0,0.0,0.0
Dy-Ge,-292927.0,49140.0,65012.0,-33530.0
Dy-Hf,40078.0,7609.0,4261.0,19453.0
Dy-Hg,-198769.0,47221.0,61151.0,-25800.0
Dy-Ho,-4835.0,0.0,0.0,0.0
Dy-In,-155393.0,20952.0,56181.0,-7071.0
Dy-Ir,-261932.0,65444.0,67158.0,-18382.0
Dy-K,203192.0,102226.0,50834.0,-43045.0
Dy-La,13853.0,3613.0,0.0,0.0
Dy-Li,17805.0,13923.0,0.0,0.0
Dy-Lu,4494.0,6214.0,0.0,0.0
Dy-Mg,-19646.0,33035.0,0.0,0.0
Dy-Mn,-11319.0,3652.0,0.0,0.0
Dy-Mo,68491.0,32666.0,36963.0,-20039.0
Dy-Na,96038.0,44647.0,15544.0,-31634.0
Dy-Nb,114325.0,-7020.0,22896.0,-530.0
Dy-Nd,8010.0,0.0,0.0,0.0
Dy-Ni,-135344.0,41874.0,-23215.0,-11369.0
Dy-Os,-160023.0,35443.0,51035.0,462.0
Dy-P,-543436.0,111532.0,121663.0,-16299.0
Dy-Pb,-183092.0,15073.0,45652.0,-8109.0
Dy-Pd,-332959.0,58809.0,-11129.0,-30192.0
Dy-Pr,11800.0,0.0,0.0,0.0
Dy-Pt,-345787.0,50327.0,25624.0,31647.0
Dy-Rb,211445.0,110536.0,88845.0,-34321.0
Dy-Re,-48020.0,4880.0,53436.0,-10164.0
Dy-Rh,-218934.0,59291.0,-21521.0,-9934.0
Dy-Ru,-149141.0,50785.0,2610.0,-8009.0
Dy-S,-647929.0,144516.0,128579.0,-51457.0
Dy-Sb,-300306.0,14082.0,53279.0,-1748.0
Dy-Sc,500.0,0.0,0.0,0.0
Dy-Se,-510472.0,116072.0,116070.0,-98729.0
Dy-Si,-285250.0,54709.0,18375.0,13434.0
Dy-Sm,9608.0,0.0,0.0,0.0
Dy-Sn,-204381.0,30092.0,58283.0,-33489.0
Dy-Sr,74746.0,15118.0,-19854.0,11702.0
Dy-Ta,71175.0,-19656.0,76890.0,58765.0
Dy-Tb,3590.0,0.0,0.0,0.0
Dy-Te,-434513.0,29656.0,151432.0,-64473.0
Dy-Ti,50401.0,-14043.0,-8311.0,28908.0
Dy-Tl,-141633.0,11046.0,53929.0,7632.0
Dy-Tm,2666.0,-3003.0,0.0,0.0
Dy-U,39615.0,4500.0,-19813.0,13793.0
Dy-V,65421.0,1167.0,3571.0,-23551.0
Dy-W,56715.0,-13469.0,26486.0,40408.0
Dy-Y,4560.0,2239.0,0.0,0.0
Dy-Yb,12651.0,-8727.0,0.0,0.0
Dy-Zn,-119921.0,38538.0,8278.0,-18307.0
Dy-Zr,42824.0,7757.0,-7211.0,-16693.0
Er-Eu,11792.0,-10320.0,0.0,0.0
Er-Fe,-37568.0,14948.0,0.0,0.0
Er-Ga,-203411.0,19712.0,69432.0,17621.0
Er-Gd,-1950.0,-5563.0,0.0,0.0
Er-Ge,-302086.0,43193.0,65291.0,-33155.0
Er-Hf,30719.0,-4534.0,0.0,0.0
Er-Hg,-222014.0,13771.0,76481.0,1395.0
Er-Ho,-214.0,0.0,0.0,0.0
Er-In,-168145.0,13290.0,81987.0,-10641.0
Er-Ir,-291479.0,43814.0,89231.0,-18378.0
Er-K,197334.0,69910.0,62497.0,12917.0
Er-La,4889.0,-4583.0,0.0,0.0
Er-Li,-3557.0,5904.0,0.0,0.0
Er-Lu,-12542.0,-4646.0,0.0,0.0
Er-Mg,-22399.0,19048.0,0.0,0.0
Er-Mn,-13900.0,-4744.0,0.0,0.0
Er-Mo,51811.0,3882.0,-12094.0,-16078.0
Er-Na,71488.0,27603.0,33840.0,2729.0
Er-Nb,99372.0,-29697.0,24609.0,-3479.0
Er-Nd,-1230.0,-6300.0,0.0,0.0
Er-Ni,-137975.0,30275.0,-5636.0,-14850.0
Er-Os,-191054.0,18115.0,64425.0,-3569.0
Er-P,-530681.0,89038.0,100299.0,-26024.0
Er-Pb,-203689.0,-7298.0,83161.0,-21298.0
Er-Pd,-338068.0,40795.0,-20520.0,-19598.0
Er-Pr,274.0,426.0,0.0,0.0
Er-Pt,-347757.0,48397.0,-18453.0,-11999.0
Er-Rb,201351.0,79414.0,116885.0,14582.0
Er-Re,-66577.0,-4221.0,54148.0,6812.0
Er-Rh,-244950.0,37376.0,-5741.0,176.0
Er-Ru,-182597.0,32441.0,-11511.0,-1264.0
Er-S,-639613.0,110787.0,145307.0,-34280.0
Er-Sb,-290426.0,-9521.0,60587.0,-1804.0
Er-Sc,-15892.0,-245.0,0.0,0.0
Er-Se,-500863.0,53220.0,122164.0,-24564.0
Er-Si,-284549.0,50683.0,24546.0,-7460.0
Er-Sm,6498.0,-1124.0,0.0,0.0
Er-Sn,-227051.0,9812.0,105462.0,-20047.0
Er-Sr,75030.0,18199.0,-1843.0,-16778.0
Er-Ta,62497.0,-20213.0,40170.0,14142.0
Er-Tb,-5056.0,-3519.0,0.0,0.0
Er-Te,-422003.0,22379.0,124663.0,-51687.0
Er-Ti,34563.0,-4740.0,23862.0,-7403.0
Er-Tl,-168717.0,15187.0,102814.0,-33118.0
Er-Tm,1024.0,-5593.0,0.0,0.0
Er-U,21233.0,-870.0,0.0,0.0
Er-V,39927.0,-17796.0,13654.0,5929.0
Er-W,30686.0,-12956.0,0.0,0.0
Er-Y,-18819.0,7373.0,0.0,0.0
Er-Yb,-861.0,-11498.0,0.0,0.0
Er-Zn,-133859.0,28131.0,70106.0,-20619.0
Er-Zr,25627.0,153.0,0.0,0.0
Eu-Fe,22159.0,13821.0,0.0,0.0
Eu-Ga,-192525.0,31875.0,15310.0,40553.0
Eu-Gd,16292.0,-4329.0,0.0,0.0
Eu-Ge,-281264.0,30743.0,41554.0,19119.0
Eu-Hf,45652.0,1664.0,53277.0,37256.0
Eu-Hg,-172593.0,22878.0,2769.0,2294.0
Eu-Ho,4315.0,2325.0,0.0,0.0
Eu-In,-162907.0,28881.0,27070.0,0.0
Eu-Ir,-262228.0,49098.0,68914.0,51058.0
Eu-K,198854.0,59622.0,7928.0,-16864.0
Eu-La,14578.0,5195.0,0.0,0.0
Eu-Li,28295.0,10158.0,0.0,0.0
Eu-Lu,17112.0,6262.0,0.0,0.0
Eu-Mg,-17751.0,13447.0,0.0,0.0
Eu-Mn,10488.0,9303.0,0.0,0.0
Eu-Mo,70025.0,-16224.0,30909.0,51652.0
Eu-Na,101400.0,14459.0,18668.0,0.0
Eu-Nb,102907.0,-17621.0,68168.0,17910.0
Eu-Nd,10298.0,6920.0,0.0,0.0
Eu-Ni,-32530.0,44234.0,-151766.0,9982.0
Eu-Os,-184537.0,22044.0,140383.0,43699.0
Eu-P,-527063.0,51261.0,58299.0,35713.0
Eu-Pb,-185522.0,10496.0,59016.0,-42975.0
Eu-Pd,-271623.0,76746.0,-64400.0,-31949.0
Eu-Pr,14578.0,0.0,0.0,0.0
Eu-Pt,-319181.0,92879.0,29541.0,-22945.0
Eu-Rb,213518.0,65913.0,25408.0,-3785.0
Eu-Re,-22376.0,3090.0,0.0,0.0
Eu-Rh,-218611.0,74157.0,50426.0,-5534.0
Eu-Ru,-160544.0,33839.0,60876.0,38236.0
Eu-S,-600302.0,97842.0,35897.0,-11714.0
Eu-Sb,-303861.0,-7888.0,47427.0,9713.0
Eu-Sc,20513.0,7071.0,0.0,0.0
Eu-Se,-493775.0,50539.0,59015.0,-10610.0
Eu-Si,-284669.0,28327.0,51435.0,44362.0
Eu-Sm,1331.0,5642.0,0.0,0.0
Eu-Sn,-223217.0,9973.0,30482.0,2650.0
Eu-Sr,70696.0,1350.0,-24794.0,37580.0
Eu-Ta,103593.0,-19540.0,10328.0,44655.0
Eu-Tb,16006.0,3635.0,0.0,0.0
Eu-Te,-444645.0,13537.0,78149.0,7907.0
Eu-Ti,75234.0,17029.0,19638.0,-44315.0
Eu-Tl,-137371.0,12911.0,34327.0,-5598.0
Eu-Tm,12126.0,1235.0,0.0,0.0
Eu-U,59906.0,405.0,6552.0,27077.0
Eu-V,80842.0,-4208.0,64466.0,-9905.0
Eu-W,60974.0,-8567.0,42171.0,29385.0
Eu-Y,8395.0,4499.0,0.0,0.0
Eu-Yb,6810.0,0.0,0.0,0.0
Eu-Zn,-109914.0,41232.0,-2103.0,-7664.0
Eu-Zr,52735.0,10474.0,47794.0,-36424.0
Fe-Ga,-26818.0,21223.0,0.0,0.0
Fe-Gd,-18698.0,0.0,0.0,0.0
Fe-Ge,-59995.0,-49684.0,-10130.0,34051.0
Fe-Hf,-81631.0,-1374.0,15232.0,8938.0
Fe-Hg,25002.0,42109.0,85986.0,-10033.0
Fe-Ho,-14641.0,-2917.0,0.0,0.0
Fe-In,60726.0,27502.0,22430.0,-16331.0
Fe-Ir,-82974.0,3699.0,26759.0,2226.0
Fe-K,256751.0,186923.0,172390.0,-48072.0
Fe-La,25923.0,-4199.0,0.0,0.0
Fe-Li,61396.0,39864.0,49709.0,-2907.0
Fe-Lu,-44267.0,-19037.0,0.0,0.0
Fe-Mg,60156.0,29637.0,-29104.0,16783.0
Fe-Mn,-2997.0,0.0,0.0,0.0
Fe-Mo,-33733.0,46862.0,17110.0,-53953.0
Fe-Na,187911.0,97200.0,128415.0,-29247.0
Fe-Nb,-50126.0,13749.0,12592.0,-28458.0
Fe-Nd,-3924.0,0.0,0.0,0.0
Fe-Ni,-18286.0,11214.0,0.0,0.0
Fe-Os,-40141.0,8188.0,2276.0,-12878.0
Fe-P,-248086.0,-19636.0,122738.0,26621.0
Fe-Pb,85179.0,48447.0,50733.0,-10965.0
Fe-Pd,-24817.0,0.0,0.0,0.0
Fe-Pr,800.0,0.0,0.0,0.0
Fe-Pt,-76684.0,9763.0,3441.0,-24354.0
Fe-Rb,270354.0,197647.0,173064.0,-38272.0
Fe-Re,-11312.0,263.0,0.0,0.0
Fe-Rh,-40319.0,1167.0,5227.0,-3393.0
Fe-Ru,-33497.0,4614.0,0.0,0.0
Fe-S,-168379.0,50920.0,165158.0,-18381.0
Fe-Sb,14426.0,3378.0,0.0,0.0
Fe-Sc,-48118.0,-7451.0,0.0,0.0
Fe-Se,-72232.0,50791.0,-6636.0,-37918.0
Fe-Si,-144221.0,-24700.0,29178.0,19967.0
Fe-Sm,-16399.0,0.0,0.0,0.0
Fe-Sn,17768.0,8719.0,0.0,0.0
Fe-Sr,176197.0,52007.0,-26660.0,5355.0
Fe-Ta,-82215.0,7652.0,25769.0,-1392.0
Fe-Tb,-20346.0,0.0,0.0,0.0
Fe-Te,4094.0,-5849.0,0.0,0.0
Fe-Ti,-73974.0,0.0,0.0,0.0
Fe-Tl,94198.0,42944.0,24062.0,-9373.0
Fe-Tm,-28543.0,-21002.0,0.0,0.0
Fe-U,-47070.0,9071.0,-13980.0,-9714.0
Fe-V,-35035.0,-6310.0,0.0,0.0
Fe-W,-51893.0,7006.0,44184.0,5123.0
Fe-Y,-31617.0,0.0,0.0,0.0
Fe-Yb,29628.0,-34785.0,-7662.0,-20528.0
Fe-Zn,14296.0,20019.0,0.0,0.0
Fe-Zr,-85132.0,-22321.0,40725.0,-4588.0
Ga-Gd,-201521.0,-54949.0,73297.0,-20833.0
Ga-Ge,-2453.0,0.0,0.0,0.0
Ga-Hf,-173897.0,14973.0,-55118.0,-73114.0
Ga-Hg,7691.0,0.0,0.0,0.0
Ga-Ho,-197852.0,-36737.0,63737.0,21181.0
Ga-In,4360.0,0.0,0.0,0.0
Ga-Ir,-162586.0,13752.0,-20484.0,-32472.0
Ga-K,2503.0,13428.0,0.0,0.0
Ga-La,-188234.0,-54289.0,-54386.0,-26485.0
Ga-Li,-86045.0,11163.0,11038.0,2907.0
Ga-Lu,-196493.0,-16572.0,-5282.0,-24462.0
Ga-Mg,-46262.0,6457.0,0.0,0.0
Ga-Mn,-66885.0,-7451.0,-4988.0,-10339.0
Ga-Mo,-8697.0,22460.0,0.0,0.0
Ga-Na,-19261.0,-17228.0,0.0,0.0
Ga-Nb,-54036.0,13225.0,-28688.0,-54971.0
Ga-Nd,-191940.0,-69930.0,7683.0,-3419.0
Ga-Ni,-124120.0,5241.0,4751.0,-4567.0
Ga-Os,-98950.0,-10417.0,686.0,-16666.0
Ga-P,-96433.0,1997.0,32797.0,-3933.0
Ga-Pb,16381.0,0.0,0.0,0.0
Ga-Pd,-240956.0,-42048.0,10762.0,31048.0
Ga-Pr,-196350.0,-58323.0,-12089.0,-18457.0
Ga-Pt,-250216.0,16767.0,67583.0,-20144.0
Ga-Rb,-6123.0,22643.0,0.0,0.0
Ga-Re,-26758.0,-31073.0,-44289.0,-10251.0
Ga-Rh,-159895.0,21089.0,8868.0,-59126.0
Ga-Ru,-89073.0,3242.0,-14291.0,-21720.0
Ga-S,-221925.0,29025.0,84344.0,-69758.0
Ga-Sb,-7532.0,0.0,0.0,0.0
Ga-Sc,-192420.0,-24793.0,43483.0,-9630.0
Ga-Se,-129252.0,61707.0,44525.0,-96885.0
Ga-Si,18354.0,0.0,0.0,0.0
Ga-Sm,-191214.0,-52760.0,5207.0,-21804.0
Ga-Sn,3316.0,0.0,0.0,0.0
Ga-Sr,-159376.0,-5459.0,9625.0,-86589.0
Ga-Ta,-79407.0,8405.0,-50318.0,-23142.0
Ga-Tb,-195878.0,-39209.0,54928.0,-8245.0
Ga-Te,-140142.0,142480.0,123081.0,-192911.0
Ga-Ti,-130774.0,-5466.0,15434.0,-38423.0
Ga-Tl,7985.0,-6703.0,0.0,0.0
Ga-Tm,-205628.0,-21478.0,45439.0,-33305.0
Ga-U,-133478.0,-21221.0,-5697.0,-25704.0
Ga-V,-62255.0,18277.0,4120.0,-66815.0
Ga-W,454.0,-16376.0,0.0,0.0
Ga-Y,-256497.0,-92269.0,58803.0,51017.0
Ga-Yb,-185439.0,-25406.0,1203.0,-44533.0
Ga-Zn,5699.0,0.0,0.0,0.0
Ga-Zr,-198737.0,-1760.0,-22095.0,-75443.0
Gd-Ge,-287992.0,31213.0,50038.0,8879.0
Gd-Hf,28108.0,10676.0,0.0,0.0
Gd-Hg,-197462.0,40197.0,116141.0,28880.0
Gd-Ho,-2772.0,5864.0,0.0,0.0
Gd-In,-151947.0,43204.0,62074.0,-33170.0
Gd-Ir,-248612.0,92144.0,6876.0,-45123.0
Gd-K,201789.0,99945.0,53643.0,-46329.0
Gd-La,3370.0,0.0,0.0,0.0
Gd-Li,26333.0,17268.0,0.0,0.0
Gd-Lu,26.0,10591.0,0.0,0.0
Gd-Mg,-6500.0,27261.0,0.0,0.0
Gd-Mn,-7657.0,2585.0,0.0,0.0
Gd-Mo,65099.0,10932.0,-9221.0,4809.0
Gd-Na,98186.0,39129.0,45715.0,-31601.0
Gd-Nb,109261.0,-19416.0,52111.0,8921.0
Gd-Nd,9367.0,-4557.0,0.0,0.0
Gd-Ni,-140798.0,68216.0,-43885.0,11081.0
Gd-Os,-151596.0,28223.0,-9026.0,24637.0
Gd-P,-507171.0,92921.0,120478.0,22198.0
Gd-Pb,-176155.0,40804.0,44777.0,-36031.0
Gd-Pd,-324567.0,81359.0,-50670.0,-15554.0
Gd-Pr,2024.0,0.0,0.0,0.0
Gd-Pt,-338154.0,66953.0,3284.0,30365.0
Gd-Rb,215955.0,109551.0,66721.0,-40622.0
Gd-Re,-39298.0,-12924.0,-8343.0,41669.0
Gd-Rh,-211233.0,51149.0,-41047.0,26527.0
Gd-Ru,-148713.0,68778.0,-81.0,-35991.0
Gd-S,-604913.0,130486.0,131098.0,-3419.0
Gd-Sb,-290079.0,22184.0,57301.0,-9130.0
Gd-Sc,5970.0,11342.0,0.0,0.0
Gd-Se,-470743.0,122718.0,56124.0,-49744.0
Gd-Si,-268308.0,35216.0,21924.0,33941.0
Gd-Sm,9020.0,-2803.0,0.0,0.0
Gd-Sn,-213021.0,57653.0,46585.0,-74012.0
Gd-Sr,75342.0,8564.0,-11346.0,36878.0
Gd-Ta,76476.0,-22088.0,37517.0,65938.0
Gd-Tb,4849.0,1223.0,0.0,0.0
Gd-Te,-426575.0,37512.0,100918.0,110.0
Gd-Ti,53338.0,-9490.0,-9168.0,0.0
Gd-Tl,-130461.0,32780.0,57550.0,-6524.0
Gd-Tm,1328.0,17971.0,0.0,0.0
Gd-U,30566.0,9721.0,0.0,0.0
Gd-V,63522.0,-907.0,9502.0,-14005.0
Gd-W,61326.0,-5682.0,-9005.0,15215.0
Gd-Y,195.0,4477.0,0.0,0.0
Gd-Yb,19407.0,721.0,0.0,0.0
Gd-Zn,-98143.0,64053.0,-8146.0,-36743.0
Gd-Zr,39626.0,5814.0,15152.0,-13893.0
Ge-Hf,-265809.0,18739.0,57048.0,18877.0
Ge-Hg,2858.0,4631.0,0.0,0.0
Ge-Ho,-295742.0,-38972.0,66856.0,43339.0
Ge-In,1574.0,0.0,0.0,0.0
Ge-Ir,-94555.0,99.0,-46384.0,-8507.0
Ge-K,-89217.0,35539.0,39813.0,4003.0
Ge-La,-267516.0,-50723.0,3630.0,44508.0
Ge-Li,-139120.0,78013.0,-18339.0,21282.0
Ge-Lu,-287293.0,-38379.0,48779.0,49577.0
Ge-Mg,-98461.0,71395.0,6702.0,-40852.0
Ge-Mn,-88728.0,104797.0,-1430.0,-83173.0
Ge-Mo,-32116.0,25609.0,0.0,0.0
Ge-Na,-92137.0,51661.0,25040.0,-10115.0
Ge-Nb,-122731.0,7288.0,47401.0,29814.0
Ge-Nd,-296751.0,-38055.0,70838.0,3822.0
Ge-Ni,-145280.0,77851.0,39485.0,-50055.0
Ge-Os,-58085.0,-41831.0,-6385.0,74598.0
Ge-P,-34205.0,10409.0,0.0,0.0
Ge-Pb,15387.0,0.0,0.0,0.0
Ge-Pd,-203403.0,117877.0,-17077.0,-47922.0
Ge-Pr,-298017.0,-17306.0,33428.0,-18820.0
Ge-Pt,-182219.0,44229.0,56784.0,-11994.0
Ge-Rb,-82383.0,28190.0,27856.0,-2236.0
Ge-Re,-27952.0,-6560.0,0.0,0.0
Ge-Rh,-116530.0,27415.0,12288.0,-19335.0
Ge-Ru,-62659.0,14309.0,3582.0,-10132.0
Ge-S,-99001.0,49851.0,57992.0,-43375.0
Ge-Sb,3000.0,0.0,0.0,0.0
Ge-Sc,-262761.0,21547.0,78619.0,15805.0
Ge-Se,-59755.0,42644.0,-9714.0,-3213.0
Ge-Si,9527.0,0.0,0.0,0.0
Ge-Sm,-291155.0,-33883.0,49161.0,13000.0
Ge-Sn,2875.0,0.0,0.0,0.0
Ge-Sr,-220306.0,9654.0,77047.0,6858.0
Ge-Ta,-146391.0,14933.0,1191.0,-3789.0
Ge-Tb,-290688.0,-29397.0,53806.0,-1114.0
Ge-Te,-52954.0,26476.0,42595.0,-13160.0
Ge-Ti,-213032.0,48218.0,64474.0,-35172.0
Ge-Tl,13725.0,0.0,0.0,0.0
Ge-Tm,-292141.0,-28437.0,32792.0,45687.0
Ge-U,-225911.0,-10977.0,68101.0,71515.0
Ge-V,-103090.0,50994.0,29606.0,-29439.0
Ge-W,-32915.0,-821.0,0.0,0.0
Ge-Y,-315009.0,-379.0,33612.0,32215.0
Ge-Yb,-268059.0,-13248.0,102173.0,-9409.0
Ge-Zn,4908.0,0.0,0.0,0.0
Ge-Zr,-294212.0,24550.0,124874.0,36001.0
Hf-Hg,-110796.0,5833.0,-63709.0,10459.0
Hf-Ho,39916.0,-9537.0,-26791.0,5723.0
Hf-In,-100750.0,-8658.0,-11648.0,-4428.0
Hf-Ir,-293821.0,25015.0,-10031.0,1169.0
Hf-K,322238.0,113208.0,47808.0,21737.0
Hf-La,27087.0,8249.0,43839.0,-2672.0
Hf-Li,88015.0,3522.0,-31962.0,-19418.0
Hf-Lu,27317.0,-2436.0,0.0,0.0
Hf-Mg,12820.0,5921.0,0.0,0.0
Hf-Mn,-56304.0,-19992.0,19832.0,29248.0
Hf-Mo,-44426.0,1916.0,26258.0,1911.0
Hf-Na,214454.0,34665.0,-29488.0,-511.0
Hf-Nb,2972.0,-5750.0,0.0,0.0
Hf-Nd,44476.0,-5842.0,44497.0,3257.0
Hf-Ni,-192485.0,43546.0,-64900.0,29054.0
Hf-Os,-212957.0,19609.0,-23705.0,8936.0
Hf-P,-535051.0,33868.0,-582.0,4344.0
Hf-Pb,-122265.0,-11875.0,27529.0,886.0
Hf-Pd,-323219.0,8073.0,-9775.0,14968.0
Hf-Pr,34400.0,-10029.0,45531.0,7006.0
Hf-Pt,-360590.0,9884.0,-17693.0,6201.0
Hf-Rb,337440.0,132577.0,70667.0,24945.0
Hf-Re,-123462.0,9870.0,309.0,-1997.0
Hf-Rh,-267598.0,21974.0,-7677.0,8905.0
Hf-Ru,-238258.0,22617.0,18201.0,11295.0
Hf-S,-566113.0,34516.0,-6182.0,38249.0
Hf-Sb,-249177.0,-46529.0,72252.0,23600.0
Hf-Sc,14074.0,-15343.0,0.0,0.0
Hf-Se,-445663.0,-20942.0,29410.0,90211.0
Hf-Si,-323577.0,21303.0,40794.0,-67129.0
Hf-Sm,37904.0,-2338.0,60329.0,-17301.0
Hf-Sn,-184341.0,-30318.0,3105.0,17089.0
Hf-Sr,190678.0,57832.0,30018.0,-34632.0
Hf-Ta,4984.0,-1931.0,0.0,0.0
Hf-Tb,37200.0,-4992.0,11361.0,-15884.0
Hf-Te,-314062.0,-69268.0,6414.0,57934.0
Hf-Ti,-4663.0,-16197.0,0.0,0.0
Hf-Tl,-59320.0,-11020.0,-16902.0,6957.0
Hf-Tm,34544.0,-3667.0,0.0,0.0
Hf-U,-27251.0,5192.0,0.0,0.0
Hf-V,-22124.0,-12221.0,0.0,0.0
Hf-W,-57188.0,-6324.0,30325.0,20692.0
Hf-Y,46843.0,-4099.0,20073.0,-1524.0
Hf-Yb,10278.0,3537.0,82502.0,-63695.0
Hf-Zn,-136451.0,5096.0,45215.0,-4772.0
Hf-Zr,-1077.0,-10776.0,0.0,0.0
Hg-Ho,-218966.0,-32686.0,119933.0,14502.0
Hg-In,-9367.0,0.0,0.0,0.0
Hg-Ir,-17872.0,-11415.0,0.0,0.0
Hg-K,-42715.0,13042.0,28960.0,-28779.0
Hg-La,-168261.0,-21143.0,10218.0,-32248.0
Hg-Li,-99156.0,43821.0,-2484.0,-22734.0
Hg-Lu,-195430.0,-25512.0,41229.0,-6013.0
Hg-Mg,-40856.0,10622.0,-9016.0,12467.0
Hg-Mn,-18513.0,-27735.0,0.0,0.0
Hg-Mo,71022.0,-18413.0,-2480.0,22729.0
Hg-Na,-47210.0,11695.0,-6316.0,-8180.0
Hg-Nb,-1904.0,-16462.0,0.0,0.0
Hg-Nd,-171765.0,-39947.0,16823.0,-22195.0
Hg-Ni,-49118.0,-10274.0,96026.0,-12045.0
Hg-Os,28918.0,-25219.0,7017.0,8953.0
Hg-P,-12519.0,-6287.0,0.0,0.0
Hg-Pb,-1412.0,0.0,0.0,0.0
Hg-Pd,-149641.0,12237.0,85499.0,-23498.0
Hg-Pr,-176059.0,-37103.0,7913.0,-21864.0
Hg-Pt,-83411.0,1249.0,34967.0,-2092.0
Hg-Rb,-54494.0,2076.0,28715.0,-6397.0
Hg-Re,91738.0,-37976.0,-8736.0,-26063.0
Hg-Rh,-69916.0,5235.0,80271.0,-25040.0
Hg-Ru,3383.0,-12254.0,0.0,0.0
Hg-S,-105776.0,-3183.0,12848.0,1961.0
Hg-Sb,9363.0,6763.0,0.0,0.0
Hg-Sc,-194347.0,-8315.0,75177.0,-4816.0
Hg-Se,-65677.0,11864.0,42858.0,-6457.0
Hg-Si,30955.0,-8867.0,0.0,0.0
Hg-Sm,-182708.0,-49493.0,39708.0,39872.0
Hg-Sn,4301.0,0.0,0.0,0.0
Hg-Sr,-198283.0,-7384.0,-8552.0,-12647.0
Hg-Ta,7076.0,-10283.0,0.0,0.0
Hg-Tb,-188792.0,-50181.0,60943.0,9680.0
Hg-Te,-50376.0,31311.0,18504.0,-39935.0
Hg-Ti,-74889.0,-15433.0,752.0,-7670.0
Hg-Tl,-2213.0,0.0,0.0,0.0
Hg-Tm,-218933.0,-29825.0,119107.0,-15994.0
Hg-U,-52806.0,-14008.0,-23829.0,30006.0
Hg-V,-5966.0,-37622.0,0.0,0.0
Hg-W,107882.0,-36229.0,-2656.0,23729.0
Hg-Y,-194646.0,-30852.0,18196.0,-2882.0
Hg-Yb,-190696.0,-19479.0,83892.0,-6424.0
Hg-Zn,2879.0,0.0,0.0,0.0
Hg-Zr,-176749.0,-4959.0,47482.0,-56692.0
Ho-In,-172549.0,15409.0,75890.0,798.0
Ho-Ir,-284410.0,32089.0,91262.0,15041.0
Ho-K,177872.0,89082.0,92799.0,-13100.0
Ho-La,7326.0,3166.0,0.0,0.0
Ho-Li,1008.0,2324.0,0.0,0.0
Ho-Lu,-1942.0,2954.0,0.0,0.0
Ho-Mg,-23017.0,22003.0,0.0,0.0
Ho-Mn,-10349.0,130.0,0.0,0.0
Ho-Mo,68931.0,-7679.0,17065.0,-9260.0
Ho-Na,73288.0,28359.0,47441.0,-22113.0
Ho-Nb,103526.0,7913.0,8514.0,-51177.0
Ho-Nd,11156.0,-3030.0,0.0,0.0
Ho-Ni,-118713.0,19339.0,-37471.0,-1045.0
Ho-Os,-169597.0,11447.0,45915.0,16046.0
Ho-P,-531092.0,84953.0,105153.0,-15744.0
Ho-Pb,-203600.0,7958.0,82738.0,-29656.0
Ho-Pd,-323139.0,47421.0,-4363.0,-18137.0
Ho-Pr,4096.0,0.0,0.0,0.0
Ho-Pt,-348695.0,68499.0,11161.0,-22947.0
Ho-Rb,183918.0,101970.0,128747.0,-13436.0
Ho-Re,-58374.0,-742.0,76052.0,6216.0
Ho-Rh,-223054.0,46004.0,5040.0,8008.0
Ho-Ru,-156605.0,23466.0,-2675.0,30484.0
Ho-S,-675923.0,124634.0,223276.0,-47358.0
Ho-Sb,-306197.0,3119.0,85405.0,-30133.0
Ho-Sc,2815.0,0.0,0.0,0.0
Ho-Se,-504237.0,60572.0,160542.0,-39008.0
Ho-Si,-279746.0,46314.0,16003.0,-7139.0
Ho-Sm,7992.0,0.0,0.0,0.0
Ho-Sn,-221537.0,13919.0,70985.0,-22889.0
Ho-Sr,57264.0,18260.0,11678.0,-16230.0
Ho-Ta,72448.0,-3177.0,42324.0,11784.0
Ho-Tb,-1526.0,-6688.0,0.0,0.0
Ho-Te,-419389.0,-2393.0,82386.0,-28549.0
Ho-Ti,43916.0,-3302.0,12339.0,-16697.0
Ho-Tl,-160384.0,9084.0,88395.0,-11448.0
Ho-Tm,3243.0,-4580.0,0.0,0.0
Ho-U,25557.0,4110.0,0.0,0.0
Ho-V,60934.0,-14095.0,-8722.0,-2288.0
Ho-W,49193.0,-19300.0,18328.0,33148.0
Ho-Y,-11148.0,928.0,0.0,0.0
Ho-Yb,3977.0,-9685.0,0.0,0.0
Ho-Zn,-118175.0,40029.0,21131.0,-40915.0
Ho-Zr,33071.0,-1401.0,0.0,0.0
In-Ir,-66728.0,15221.0,-28309.0,5585.0
In-K,-17144.0,-4376.0,0.0,0.0
In-La,-166277.0,-21544.0,-23626.0,13289.0
In-Li,-80350.0,50844.0,-12057.0,-25321.0
In-Lu,-167183.0,-5141.0,47983.0,-11727.0
In-Mg,-27749.0,6848.0,0.0,0.0
In-Mn,9993.0,-11604.0,0.0,0.0
In-Mo,104189.0,10553.0,-52035.0,-12765.0
In-Na,-34821.0,-8551.0,0.0,0.0
In-Nb,49172.0,-8811.0,-675.0,-6519.0
In-Nd,-142200.0,-22653.0,-14106.0,-7297.0
In-Ni,-47609.0,25655.0,70921.0,-37410.0
In-Os,-6361.0,-9957.0,0.0,0.0
In-P,-63963.0,5648.0,37529.0,-2897.0
In-Pb,3855.0,0.0,0.0,0.0
In-Pd,-226031.0,78790.0,148284.0,-146348.0
In-Pr,-138853.0,-16643.0,-29530.0,-15076.0
In-Pt,-184101.0,3563.0,119174.0,50756.0
In-Rb,-22188.0,-8536.0,0.0,0.0
In-Re,74858.0,-43415.0,12098.0,-1532.0
In-Rh,-74317.0,19993.0,2926.0,-6580.0
In-Ru,2125.0,-861.0,0.0,0.0
In-S,-176511.0,64505.0,28287.0,-79175.0
In-Sb,-16292.0,0.0,0.0,0.0
In-Sc,-138972.0,12913.0,44416.0,-29152.0
In-Se,-130661.0,67719.0,47824.0,-97193.0
In-Si,35015.0,4906.0,0.0,0.0
In-Sm,-142434.0,-26679.0,2972.0,19620.0
In-Sn,-744.0,0.0,0.0,0.0
In-Sr,-174522.0,-25520.0,22444.0,-4035.0
In-Ta,24043.0,-7309.0,0.0,0.0
In-Tb,-162039.0,-23578.0,58780.0,25782.0
In-Te,-145086.0,114827.0,123555.0,-166872.0
In-Ti,-33101.0,-5447.0,0.0,0.0
In-Tl,4607.0,0.0,0.0,0.0
In-Tm,-174269.0,-3851.0,95695.0,-34739.0
In-U,-11886.0,-3139.0,0.0,0.0
In-V,34705.0,-7079.0,0.0,0.0
In-W,116493.0,-44874.0,-50081.0,58210.0
In-Y,-169162.0,-31475.0,26656.0,36772.0
In-Yb,-134649.0,-19830.0,-3100.0,26209.0
In-Zn,12484.0,0.0,0.0,0.0
In-Zr,-117006.0,2040.0,28800.0,-46394.0
Ir-K,86507.0,28308.0,-25251.0,27526.0
Ir-La,-254756.0,-51190.0,19331.0,-25330.0
Ir-Li,-101606.0,-25714.0,-52981.0,56629.0
Ir-Lu,-253942.0,-35365.0,-26109.0,-8728.0
Ir-Mg,-102993.0,-9102.0,-72689.0,24743.0
Ir-Mn,-108331.0,-14739.0,2259.0,4741.0
Ir-Mo,-149806.0,13939.0,49499.0,-27160.0
Ir-Na,39330.0,-13020.0,-43493.0,27910.0
Ir-Nb,-259020.0,-4945.0,31826.0,-16609.0
Ir-Nd,-256169.0,-68085.0,37770.0,2280.0
Ir-Ni,-59624.0,18039.0,-3420.0,3087.0
Ir-Os,-12055.0,637.0,0.0,0.0
Ir-P,-194299.0,-26366.0,-26610.0,45818.0
Ir-Pb,18023.0,9653.0,0.0,0.0
Ir-Pd,-30913.0,10590.0,0.0,0.0
Ir-Pr,-266549.0,-76197.0,39531.0,9557.0
Ir-Pt,-28230.0,7066.0,0.0,0.0
Ir-Rb,85038.0,36046.0,-34106.0,23588.0
Ir-Re,-26130.0,-7639.0,0.0,0.0
Ir-Rh,-30801.0,-4306.0,0.0,0.0
Ir-Ru,-34862.0,4528.0,23572.0,-1975.0
Ir-S,-101125.0,-24369.0,-46332.0,55073.0
Ir-Sb,-30684.0,-22141.0,-49632.0,37278.0
Ir-Sc,-292196.0,-49251.0,28899.0,13773.0
Ir-Se,-46122.0,-14528.0,-91612.0,25805.0
Ir-Si,-197713.0,12339.0,-44896.0,-11713.0
Ir-Sm,-259653.0,-80716.0,39331.0,28486.0
Ir-Sn,-79690.0,610.0,-64190.0,14464.0
Ir-Sr,-145864.0,-25727.0,114048.0,-33834.0
Ir-Ta,-232309.0,-4280.0,11897.0,-15344.0
Ir-Tb,-274659.0,-96825.0,67093.0,71729.0
Ir-Te,-23397.0,-26131.0,0.0,0.0
Ir-Ti,-287164.0,-18808.0,33955.0,5498.0
Ir-Tl,-8997.0,-963.0,0.0,0.0
Ir-Tm,-265904.0,-42090.0,46672.0,-15217.0
Ir-U,-247200.0,-5237.0,34313.0,-7300.0
Ir-V,-186048.0,195.0,18812.0,-22691.0
Ir-W,-70448.0,13278.0,-8373.0,-16254.0
Ir-Y,-261747.0,-68004.0,22744.0,40844.0
Ir-Yb,-256325.0,-40146.0,40310.0,-56406.0
Ir-Zn,-113515.0,12974.0,-41031.0,19484.0
Ir-Zr,-359877.0,-5797.0,17869.0,-48417.0
K-La,188571.0,-46271.0,18052.0,5789.0
K-Li,43668.0,-7421.0,5115.0,-12484.0
K-Lu,192899.0,-103404.0,55470.0,28068.0
K-Mg,67280.0,-12047.0,8937.0,-9751.0
K-Mn,226959.0,-167027.0,153596.0,30219.0
K-Mo,421774.0,-161466.0,26365.0,1761.0
K-Na,3146.0,0.0,0.0,0.0
K-Nb,450487.0,-180562.0,67692.0,-1845.0
K-Nd,203511.0,-66160.0,-595.0,-4291.0
K-Ni,119325.0,-106256.0,167075.0,-7078.0
K-Os,179696.0,-62509.0,27188.0,-47532.0
K-P,-159285.0,195.0,69154.0,8244.0
K-Pb,-97508.0,-13639.0,67326.0,10690.0
K-Pd,-100881.0,-15904.0,169218.0,-21877.0
K-Pr,191553.0,-61624.0,38684.0,-8658.0
K-Pt,-6484.0,-12762.0,0.0,0.0
K-Rb,542.0,0.0,0.0,0.0
K-Re,327991.0,-138113.0,11404.0,-1589.0
K-Rh,63939.0,-65311.0,49550.0,44970.0
K-Ru,171240.0,-94376.0,34698.0,35209.0
K-S,-372446.0,111157.0,63745.0,-63241.0
K-Sb,-188450.0,-67386.0,99963.0,86761.0
K-Sc,190506.0,-93738.0,110465.0,870.0
K-Se,-292807.0,58406.0,82234.0,-26722.0
K-Si,-11963.0,-42613.0,0.0,0.0
K-Sm,206619.0,-73026.0,5356.0,26131.0
K-Sn,-69976.0,-26245.0,53434.0,45793.0
K-Sr,21386.0,-9371.0,0.0,0.0
K-Ta,418167.0,-162427.0,48296.0,4394.0
K-Tb,203961.0,-92550.0,55063.0,18444.0
K-Te,-344967.0,51234.0,246860.0,-41351.0
K-Ti,324196.0,-163180.0,131792.0,8599.0
K-Tl,-52594.0,-30081.0,34764.0,46080.0
K-Tm,187403.0,-86490.0,84686.0,-19316.0
K-U,380369.0,-143126.0,-15064.0,49997.0
K-V,337803.0,-182089.0,104780.0,-13205.0
K-W,426153.0,-147984.0,-4493.0,-19983.0
K-Y,183437.0,-77592.0,44873.0,25325.0
K-Yb,219019.0,-92248.0,13069.0,61277.0
K-Zn,39194.0,-23634.0,28989.0,37720.0
K-Zr,308079.0,-107776.0,123471.0,-71809.0
La-Li,28599.0,-551.0,0.0,0.0
La-Lu,-7110.0,-862.0,0.0,0.0
La-Mg,-30814.0,27974.0,0.0,0.0
La-Mn,28167.0,-11730.0,0.0,0.0
La-Mo,87167.0,-28745.0,15237.0,25193.0
La-Na,100728.0,5257.0,18778.0,5685.0
La-Nb,116989.0,-25059.0,65443.0,-1652.0
La-Nd,3224.0,-4239.0,0.0,0.0
La-Ni,-113342.0,41042.0,13674.0,7249.0
La-Os,-164207.0,24607.0,44489.0,27356.0
La-P,-507523.0,106805.0,59882.0,13694.0
La-Pb,-182445.0,19037.0,12299.0,-49615.0
La-Pd,-301255.0,79289.0,-10086.0,-26475.0
La-Pr,-2874.0,0.0,0.0,0.0
La-Pt,-315113.0,81343.0,1915.0,-9463.0
La-Rb,202392.0,50590.0,37820.0,10178.0
La-Re,-24968.0,-4498.0,0.0,0.0
La-Rh,-190066.0,32683.0,-51729.0,51237.0
La-Ru,-139428.0,38069.0,-8096.0,9352.0
La-S,-606942.0,128276.0,46742.0,-13914.0
La-Sb,-295540.0,7520.0,30908.0,-19578.0
La-Sc,10425.0,1767.0,0.0,0.0
La-Se,-495307.0,107950.0,31971.0,-37251.0
La-Si,-271826.0,58985.0,81102.0,-14473.0
La-Sm,11648.0,0.0,0.0,0.0
La-Sn,-228352.0,66357.0,-41316.0,-129701.0
La-Sr,72992.0,-9939.0,-4894.0,36936.0
La-Ta,97360.0,-15923.0,42128.0,13000.0
La-Tb,7309.0,-1008.0,0.0,0.0
La-Te,-472343.0,38709.0,118448.0,12507.0
La-Ti,76883.0,-10426.0,21078.0,-18520.0
La-Tl,-135439.0,17006.0,29317.0,-11997.0
La-Tm,6470.0,-618.0,0.0,0.0
La-U,64431.0,-4246.0,-4267.0,17245.0
La-V,66860.0,-30145.0,45889.0,15058.0
La-W,75133.0,-2873.0,17320.0,-14471.0
La-Y,5878.0,2485.0,0.0,0.0
La-Yb,24757.0,-9867.0,0.0,0.0
La-Zn,-114607.0,40115.0,-3166.0,645.0
La-Zr,42474.0,-11472.0,49207.0,-3177.0
Li-Lu,8292.0,-15897.0,0.0,0.0
Li-Mg,-13818.0,0.0,0.0,0.0
Li-Mn,78633.0,-46766.0,-16423.0,22446.0
Li-Mo,163895.0,5319.0,-80946.0,14689.0
Li-Na,16202.0,868.0,0.0,0.0
Li-Nb,178274.0,-1192.0,-59236.0,-24516.0
Li-Nd,28339.0,-13529.0,0.0,0.0
Li-Ni,-32819.0,-15154.0,67357.0,-48095.0
Li-Os,-44478.0,42164.0,6216.0,-92320.0
Li-P,-266780.0,-86293.0,68703.0,29007.0
Li-Pb,-98143.0,-79922.0,-28127.0,31459.0
Li-Pd,-205831.0,-40043.0,69916.0,-31591.0
Li-Pr,25797.0,-11592.0,0.0,0.0
Li-Pt,-169652.0,-16636.0,23468.0,-23234.0
Li-Rb,53961.0,15430.0,-6365.0,7386.0
Li-Re,80427.0,8462.0,-40822.0,-44397.0
Li-Rh,-83347.0,-46820.0,-42049.0,50683.0
Li-Ru,-17255.0,-9625.0,0.0,0.0
Li-S,-348236.0,-41434.0,78033.0,-46909.0
Li-Sb,-183906.0,-199463.0,-16264.0,137624.0
Li-Sc,41700.0,-21843.0,24111.0,8303.0
Li-Se,-305997.0,-69983.0,45124.0,-20907.0
Li-Si,-116550.0,-51749.0,23088.0,-2766.0
Li-Sm,33452.0,-6123.0,0.0,0.0
Li-Sn,-116012.0,-132597.0,-60618.0,61748.0
Li-Sr,-11180.0,-2209.0,0.0,0.0
Li-Ta,166294.0,9815.0,-103876.0,-4304.0
Li-Tb,19295.0,-13990.0,0.0,0.0
Li-Te,-320330.0,-42120.0,124621.0,-38673.0
Li-Ti,105205.0,-21716.0,13028.0,18226.0
Li-Tl,-59305.0,-45283.0,-28252.0,0.0
Li-Tm,7064.0,-4101.0,0.0,0.0
Li-U,121701.0,784.0,-38075.0,44044.0
Li-V,121518.0,-3354.0,-3413.0,-51949.0
Li-W,150908.0,31295.0,-67639.0,-54735.0
Li-Y,19164.0,-13596.0,0.0,0.0
Li-Yb,26914.0,-3389.0,0.0,0.0
Li-Zn,-46561.0,18555.0,0.0,0.0
Li-Zr,75409.0,7984.0,61474.0,-64234.0
Lu-Mg,-19930.0,25657.0,0.0,0.0
Lu-Mn,-9726.0,8337.0,0.0,0.0
Lu-Mo,44718.0,-5570.0,8280.0,-2787.0
Lu-Na,91317.0,40834.0,43495.0,-29298.0
Lu-Nb,89635.0,-12347.0,13066.0,-11552.0
Lu-Nd,6467.0,3050.0,0.0,0.0
Lu-Ni,-150458.0,56486.0,-22538.0,-22584.0
Lu-Os,-175890.0,34029.0,-4664.0,-30825.0
Lu-P,-520085.0,103854.0,42200.0,-51318.0
Lu-Pb,-205851.0,19201.0,85644.0,-31919.0
Lu-Pd,-348913.0,52226.0,12746.0,-32913.0
Lu-Pr,2205.0,-1714.0,0.0,0.0
Lu-Pt,-350813.0,56214.0,-4297.0,-25981.0
Lu-Rb,200628.0,101501.0,100280.0,5182.0
Lu-Re,-61550.0,6281.0,37766.0,-7244.0
Lu-Rh,-235537.0,36692.0,-12560.0,9694.0
Lu-Ru,-172143.0,23821.0,-9882.0,0.0
Lu-S,-641576.0,111743.0,95122.0,-6753.0
Lu-Sb,-284050.0,-10788.0,20842.0,1857.0
Lu-Sc,5547.0,-9143.0,0.0,0.0
Lu-Se,-510146.0,38237.0,92305.0,29121.0
Lu-Si,-305934.0,48073.0,57660.0,-24758.0
Lu-Sm,16570.0,-3787.0,0.0,0.0
Lu-Sn,-235467.0,-16869.0,77120.0,14469.0
Lu-Sr,80118.0,18503.0,3252.0,-259.0
Lu-Ta,68258.0,-16717.0,33923.0,16220.0
Lu-Tb,-4568.0,-7197.0,0.0,0.0
Lu-Te,-390780.0,2647.0,57666.0,-43570.0
Lu-Ti,39139.0,0.0,0.0,0.0
Lu-Tl,-144617.0,8791.0,58695.0,-8150.0
Lu-Tm,-5292.0,1124.0,0.0,0.0
Lu-U,28167.0,6019.0,0.0,0.0
Lu-V,44468.0,-11056.0,11646.0,0.0
Lu-W,33862.0,-12550.0,14934.0,14533.0
Lu-Y,-554.0,-4360.0,0.0,0.0
Lu-Yb,20289.0,-6061.0,0.0,0.0
Lu-Zn,-140087.0,26197.0,83995.0,7970.0
Lu-Zr,27761.0,-9273.0,0.0,0.0
Mg-Mn,34961.0,-19031.0,0.0,0.0
Mg-Mo,107185.0,-17062.0,-46319.0,13660.0
Mg-Na,36353.0,-1782.0,0.0,0.0
Mg-Nb,94545.0,-1055.0,16803.0,-44448.0
Mg-Nd,-18744.0,-32055.0,0.0,0.0
Mg-Ni,-44800.0,-48239.0,15521.0,37239.0
Mg-Os,-39192.0,-1138.0,-38992.0,-19118.0
Mg-P,-189937.0,-35960.0,27160.0,9423.0
Mg-Pb,-35044.0,-20177.0,0.0,0.0
Mg-Pd,-166537.0,-35997.0,-24975.0,24381.0
Mg-Pr,-16439.0,-36244.0,0.0,0.0
Mg-Pt,-155916.0,-7317.0,-27902.0,-4346.0
Mg-Rb,71425.0,21017.0,6180.0,2067.0
Mg-Re,44764.0,-18086.0,-57082.0,-26480.0
Mg-Rh,-98835.0,-5301.0,-42402.0,2414.0
Mg-Ru,-37880.0,-28486.0,-58101.0,34384.0
Mg-S,-299491.0,-7733.0,74085.0,-14137.0
Mg-Sb,-172798.0,-152287.0,36052.0,122776.0
Mg-Sc,1011.0,-15970.0,0.0,0.0
Mg-Se,-215795.0,-33857.0,26826.0,9733.0
Mg-Si,-60136.0,-34652.0,-2816.0,46374.0
Mg-Sm,-23090.0,-23013.0,0.0,0.0
Mg-Sn,-62937.0,-40943.0,27184.0,46087.0
Mg-Sr,-21127.0,-13996.0,0.0,0.0
Mg-Ta,70877.0,16018.0,-14822.0,-45713.0
Mg-Tb,-22586.0,-31787.0,0.0,0.0
Mg-Te,-220171.0,-10624.0,72788.0,-41004.0
Mg-Ti,66126.0,-11414.0,-27134.0,-25894.0
Mg-Tl,-25819.0,-10955.0,0.0,0.0
Mg-Tm,-16878.0,-27658.0,0.0,0.0
Mg-U,66905.0,-4680.0,-47274.0,244.0
Mg-V,75815.0,-13427.0,17047.0,-28206.0
Mg-W,104012.0,-10565.0,-80115.0,-6494.0
Mg-Y,-17560.0,-35003.0,0.0,0.0
Mg-Yb,-14752.0,-12965.0,0.0,0.0
Mg-Zn,-27241.0,0.0,0.0,0.0
Mg-Zr,16354.0,609.0,61506.0,-82345.0
Mn-Mo,8427.0,13858.0,0.0,0.0
Mn-Na,187492.0,89354.0,17685.0,-17667.0
Mn-Nb,-6015.0,13436.0,0.0,0.0
Mn-Nd,6405.0,-8000.0,0.0,0.0
Mn-Ni,-44711.0,10673.0,0.0,0.0
Mn-Os,-59646.0,23811.0,13255.0,-37148.0
Mn-P,-316497.0,-892.0,128574.0,-17587.0
Mn-Pb,20614.0,17838.0,0.0,0.0
Mn-Pd,-79880.0,-11654.0,-7955.0,-6738.0
Mn-Pr,7540.0,-8102.0,0.0,0.0
Mn-Pt,-125333.0,12601.0,-5765.0,-15726.0
Mn-Rb,226561.0,177353.0,181289.0,-22114.0
Mn-Re,-20881.0,-2338.0,0.0,0.0
Mn-Rh,-65067.0,7875.0,9264.0,-1686.0
Mn-Ru,-39851.0,14755.0,838.0,-2945.0
Mn-S,-283695.0,14659.0,131552.0,-10637.0
Mn-Sb,-65701.0,-31667.0,817.0,39412.0
Mn-Sc,-24315.0,-2599.0,0.0,0.0
Mn-Se,-186589.0,35459.0,57460.0,-41198.0
Mn-Si,-143384.0,-39353.0,14787.0,36086.0
Mn-Sm,-6683.0,0.0,0.0,0.0
Mn-Sn,-15966.0,-23674.0,0.0,0.0
Mn-Sr,127170.0,55248.0,10564.0,-18082.0
Mn-Ta,-23037.0,10867.0,0.0,0.0
Mn-Tb,-8616.0,0.0,0.0,0.0
Mn-Te,-101354.0,-24176.0,-50912.0,3007.0
Mn-Ti,-24347.0,-13985.0,0.0,0.0
Mn-Tl,35569.0,20612.0,4985.0,-3963.0
Mn-Tm,-13342.0,-8608.0,0.0,0.0
Mn-U,-7166.0,5287.0,0.0,0.0
Mn-V,9868.0,-2131.0,0.0,0.0
Mn-W,5297.0,19384.0,0.0,0.0
Mn-Y,-5272.0,-611.0,0.0,0.0
Mn-Yb,13997.0,-13049.0,0.0,0.0
Mn-Zn,-4804.0,9826.0,0.0,0.0
Mn-Zr,-47212.0,-2820.0,10936.0,-45819.0
Mo-Na,329134.0,58747.0,-59470.0,-23555.0
Mo-Nb,-26682.0,-5107.0,0.0,0.0
Mo-Nd,77932.0,2632.0,14722.0,581.0
Mo-Ni,-66374.0,-10853.0,11254.0,2478.0
Mo-Os,-116840.0,-18762.0,59058.0,19092.0
Mo-P,-283550.0,-12276.0,57618.0,14899.0
Mo-Pb,119168.0,22951.0,-17672.0,4761.0
Mo-Pd,-68365.0,-8710.0,-34925.0,-2629.0
Mo-Pr,69864.0,13144.0,2800.0,-21120.0
Mo-Pt,-138430.0,6257.0,18520.0,-24268.0
Mo-Rb,435095.0,187017.0,39098.0,11249.0
Mo-Re,-59527.0,-6872.0,41211.0,-3800.0
Mo-Rh,-70537.0,-5603.0,3335.0,11285.0
Mo-Ru,-72675.0,0.0,0.0,0.0
Mo-S,-234102.0,20022.0,51569.0,-34387.0
Mo-Sb,49668.0,-19481.0,-2822.0,-7935.0
Mo-Sc,11641.0,-13641.0,0.0,0.0
Mo-Se,-116111.0,-10887.0,35411.0,14088.0
Mo-Si,-144440.0,-18872.0,48249.0,2107.0
Mo-Sm,74791.0,-4569.0,39945.0,-18974.0
Mo-Sn,44362.0,6161.0,-29258.0,-16772.0
Mo-Sr,224790.0,78433.0,68761.0,-57834.0
Mo-Ta,-38544.0,0.0,0.0,0.0
Mo-Tb,68118.0,-20747.0,1665.0,-136.0
Mo-Te,-9522.0,-21270.0,0.0,0.0
Mo-Ti,-55080.0,-4161.0,50699.0,-26728.0
Mo-Tl,143309.0,21549.0,-36598.0,12579.0
Mo-Tm,58618.0,-5764.0,-21651.0,-10322.0
Mo-U,-51320.0,-16641.0,47569.0,36840.0
Mo-V,-7452.0,-5055.0,0.0,0.0
Mo-W,-41504.0,2351.0,31552.0,19917.0
Mo-Y,55892.0,4117.0,45458.0,-25763.0
Mo-Yb,58206.0,-3107.0,-15230.0,-56313.0
Mo-Zn,26767.0,-14381.0,0.0,0.0
Mo-Zr,-52306.0,4854.0,40013.0,-26468.0
Na-Nb,334388.0,-66296.0,-15879.0,-8110.0
Na-Nd,112230.0,-19196.0,-7538.0,-4542.0
Na-Ni,77509.0,-54025.0,119611.0,-18971.0
Na-Os,115454.0,3732.0,6226.0,-49559.0
Na-P,-159479.0,-38721.0,60046.0,26331.0
Na-Pb,-79802.0,-43742.0,3397.0,18300.0
Na-Pd,-116701.0,-14241.0,113839.0,-14947.0
Na-Pr,107213.0,-14080.0,5598.0,-12840.0
Na-Pt,-46833.0,-4755.0,30861.0,17936.0
Na-Rb,4849.0,0.0,0.0,0.0
Na-Re,240476.0,-40395.0,-7822.0,-12925.0
Na-Rh,37968.0,-45138.0,-2024.0,62662.0
Na-Ru,130189.0,-39912.0,-34869.0,41261.0
Na-S,-334264.0,24234.0,80596.0,-32516.0
Na-Sb,-168297.0,-104527.0,49075.0,110200.0
Na-Sc,120564.0,-39129.0,39487.0,48.0
Na-Se,-267649.0,1601.0,98228.0,-15924.0
Na-Si,-41714.0,-46999.0,28057.0,32868.0
Na-Sm,106956.0,-21946.0,-8027.0,5601.0
Na-Sn,-86159.0,-53601.0,45199.0,64719.0
Na-Sr,-15511.0,-6380.0,0.0,0.0
Na-Ta,318905.0,-43747.0,-57651.0,3101.0
Na-Tb,100322.0,-35415.0,21718.0,11467.0
Na-Te,-308186.0,2408.0,212950.0,-17363.0
Na-Ti,233949.0,-67095.0,38704.0,875.0
Na-Tl,-46569.0,-38893.0,-6919.0,36228.0
Na-Tm,86508.0,-20014.0,28061.0,-6536.0
Na-U,264738.0,-51977.0,-57046.0,50443.0
Na-V,250021.0,-73692.0,43448.0,-28394.0
Na-W,319799.0,-26926.0,-39021.0,-30600.0
Na-Y,91172.0,-23141.0,31732.0,9390.0
Na-Yb,108123.0,-33148.0,27653.0,36560.0
Na-Zn,14401.0,10176.0,0.0,0.0
Na-Zr,192563.0,-30808.0,75093.0,-53438.0
Nb-Nd,112304.0,22825.0,77873.0,-1360.0
Nb-Ni,-91552.0,-5358.0,33084.0,14272.0
Nb-Os,-217680.0,2902.0,66526.0,15779.0
Nb-P,-421042.0,5485.0,50301.0,38614.0
Nb-Pb,31939.0,24541.0,0.0,0.0
Nb-Pd,-200725.0,-18864.0,36036.0,35637.0
Nb-Pr,112642.0,18771.0,52623.0,8729.0
Nb-Pt,-251432.0,5810.0,-15092.0,-11444.0
Nb-Rb,465476.0,212591.0,99314.0,4868.0
Nb-Re,-119629.0,1942.0,31263.0,2351.0
Nb-Rh,-174942.0,10535.0,-5578.0,5197.0
Nb-Ru,-172542.0,18911.0,5423.0,475.0
Nb-S,-399311.0,435.0,30514.0,51028.0
Nb-Sb,-68522.0,-22123.0,60653.0,20403.0
Nb-Sc,76009.0,-2065.0,19514.0,1386.0
Nb-Se,-252725.0,-28394.0,-25337.0,104786.0
Nb-Si,-207709.0,6366.0,38336.0,-3294.0
Nb-Sm,102179.0,13223.0,83821.0,-5091.0
Nb-Sn,-25664.0,1405.0,0.0,0.0
Nb-Sr,285711.0,74932.0,51928.0,6407.0
Nb-Ta,-3448.0,2679.0,0.0,0.0
Nb-Tb,105321.0,8007.0,44588.0,4377.0
Nb-Te,-153961.0,-18049.0,29574.0,-2243.0
Nb-Ti,14376.0,-11323.0,0.0,0.0
Nb-Tl,70883.0,18035.0,33907.0,16419.0
Nb-Tm,99413.0,10931.0,49558.0,24709.0
Nb-U,-532.0,1504.0,0.0,0.0
Nb-V,7245.0,-3964.0,0.0,0.0
Nb-W,-57951.0,-973.0,6460.0,24041.0
Nb-Y,121886.0,3252.0,12213.0,-2628.0
Nb-Yb,73981.0,13247.0,69073.0,-30400.0
Nb-Zn,-19053.0,-109.0,0.0,0.0
Nb-Zr,11821.0,-3088.0,0.0,0.0
Nd-Ni,-132387.0,60234.0,0.0,0.0
Nd-Os,-143602.0,28058.0,7023.0,22456.0
Nd-P,-530388.0,110146.0,114854.0,753.0
Nd-Pb,-176930.0,31927.0,-4396.0,-24505.0
Nd-Pd,-318518.0,71262.0,-1162.0,-21291.0
Nd-Pr,2939.0,0.0,0.0,0.0
Nd-Pt,-339868.0,77696.0,32820.0,5630.0
Nd-Rb,208193.0,69425.0,41616.0,21776.0
Nd-Re,-24780.0,9047.0,0.0,0.0
Nd-Rh,-202161.0,65081.0,-48003.0,-15909.0
Nd-Ru,-154328.0,43476.0,22353.0,-687.0
Nd-S,-622922.0,120813.0,95317.0,19587.0
Nd-Sb,-324360.0,31760.0,89505.0,-3383.0
Nd-Sc,2466.0,2257.0,0.0,0.0
Nd-Se,-499208.0,107397.0,50728.0,-16765.0
Nd-Si,-292542.0,35667.0,79136.0,37209.0
Nd-Sm,11007.0,0.0,0.0,0.0
Nd-Sn,-208712.0,46882.0,-5328.0,-40731.0
Nd-Sr,76295.0,26207.0,-21125.0,0.0
Nd-Ta,83331.0,-13171.0,66552.0,17834.0
Nd-Tb,3545.0,0.0,0.0,0.0
Nd-Te,-412706.0,21396.0,43289.0,29336.0
Nd-Ti,62044.0,-2575.0,4063.0,-891.0
Nd-Tl,-130796.0,21264.0,-4237.0,-680.0
Nd-Tm,21716.0,8271.0,0.0,0.0
Nd-U,58588.0,9666.0,-2581.0,-4474.0
Nd-V,60210.0,-14454.0,29233.0,-11620.0
Nd-W,74363.0,-12179.0,28025.0,21946.0
Nd-Y,664.0,6587.0,0.0,0.0
Nd-Yb,19065.0,-973.0,0.0,0.0
Nd-Zn,-120138.0,45802.0,5931.0,6317.0
Nd-Zr,44598.0,-350.0,30318.0,-20423.0
Ni-Os,-32932.0,18074.0,9998.0,-31464.0
Ni-P,-216696.0,-28655.0,30616.0,6708.0
Ni-Pb,6940.0,14741.0,0.0,0.0
Ni-Pd,8289.0,0.0,0.0,0.0
Ni-Pr,-130165.0,-44720.0,-13581.0,-29674.0
Ni-Pt,-46337.0,-5922.0,34376.0,3308.0
Ni-Rb,122372.0,112410.0,164440.0,14998.0
Ni-Re,-13512.0,-5546.0,0.0,0.0
Ni-Rh,-14376.0,-4102.0,0.0,0.0
Ni-Ru,-30410.0,2830.0,0.0,0.0
Ni-S,-152383.0,11385.0,75435.0,-13920.0
Ni-Sb,-27798.0,-15416.0,0.0,0.0
Ni-Sc,-154219.0,-41966.0,16788.0,28508.0
Ni-Se,-79998.0,6839.0,795.0,-1178.0
Ni-Si,-214842.0,-92936.0,64353.0,55399.0
Ni-Sm,-99513.0,-37513.0,-63313.0,-19300.0
Ni-Sn,-76862.0,-22225.0,0.0,0.0
Ni-Sr,38969.0,20296.0,-10609.0,-24193.0
Ni-Ta,-140672.0,3310.0,-20099.0,-37108.0
Ni-Tb,-139859.0,-56379.0,-20145.0,26365.0
Ni-Te,-13501.0,-20741.0,0.0,0.0
Ni-Ti,-153755.0,-75754.0,0.0,0.0
Ni-Tl,4337.0,6336.0,0.0,0.0
Ni-Tm,-119674.0,-35534.0,-23414.0,-6905.0
Ni-U,-119410.0,-14179.0,-63929.0,-54916.0
Ni-V,-69048.0,0.0,0.0,0.0
Ni-W,-60178.0,-8124.0,-708.0,13257.0
Ni-Y,-121776.0,-37940.0,-31422.0,-6559.0
Ni-Yb,-29098.0,-57565.0,-36589.0,0.0
Ni-Zn,-53307.0,5770.0,0.0,0.0
Ni-Zr,-181026.0,-82418.0,21308.0,0.0
Os-P,-211499.0,-20369.0,92131.0,29650.0
Os-Pb,82738.0,17250.0,-1.0,58465.0
Os-Pd,-17697.0,5611.0,0.0,0.0
Os-Pr,-156923.0,-17933.0,32077.0,-44170.0
Os-Pt,-35422.0,19623.0,9175.0,-35912.0
Os-Rb,180829.0,77243.0,32011.0,40310.0
Os-Re,-13337.0,-5754.0,0.0,0.0
Os-Rh,-19733.0,6730.0,0.0,0.0
Os-Ru,-23248.0,8177.0,0.0,0.0
Os-S,-109668.0,-27226.0,6412.0,99245.0
Os-Sb,15705.0,17587.0,0.0,0.0
Os-Sc,-190996.0,-25426.0,15441.0,-10595.0
Os-Se,-26785.0,-24800.0,-32843.0,88365.0
Os-Si,-162961.0,19771.0,16489.0,-30521.0
Os-Sm,-154037.0,-42457.0,43107.0,2782.0
Os-Sn,-19888.0,32763.0,0.0,0.0
Os-Sr,-9076.0,19852.0,0.0,0.0
Os-Ta,-193061.0,4416.0,46977.0,-21603.0
Os-Tb,-165434.0,-36815.0,30444.0,-2123.0
Os-Te,33332.0,-33671.0,6190.0,62726.0
Os-Ti,-207100.0,-4279.0,14046.0,-22514.0
Os-Tl,69811.0,27072.0,16758.0,18521.0
Os-Tm,-153928.0,-28870.0,12839.0,-5009.0
Os-U,-168522.0,206.0,-20091.0,-9773.0
Os-V,-143017.0,-10973.0,31084.0,10407.0
Os-W,-50181.0,9495.0,-22076.0,0.0
Os-Y,-162869.0,-16153.0,38500.0,-16201.0
Os-Yb,-143244.0,-3477.0,-19319.0,-80746.0
Os-Zn,-61716.0,49036.0,-21222.0,-49666.0
Os-Zr,-280105.0,-11391.0,39997.0,-25092.0
P-Pb,3702.0,14830.0,0.0,0.0
P-Pd,-203225.0,19657.0,-32999.0,17265.0
P-Pr,-521312.0,-101089.0,80132.0,-3686.0
P-Pt,-185764.0,19657.0,-8958.0,18470.0
P-Rb,-183852.0,-7081.0,74728.0,-15103.0
P-Re,-227137.0,8287.0,90379.0,-35981.0
P-Rh,-196059.0,2243.0,12143.0,-404.0
P-Ru,-188586.0,5415.0,39610.0,-14108.0
P-S,27390.0,20678.0,0.0,0.0
P-Sb,9317.0,1885.0,0.0,0.0
P-Sc,-513616.0,-38971.0,93119.0,8055.0
P-Se,19784.0,24335.0,0.0,0.0
P-Si,-49959.0,-11423.0,-16473.0,18378.0
P-Sm,-525496.0,-75719.0,84967.0,-31775.0
P-Sn,-40056.0,-9653.0,14576.0,2132.0
P-Sr,-425778.0,-43929.0,112221.0,-45893.0
P-Ta,-437058.0,34816.0,47454.0,-78554.0
P-Tb,-538155.0,-124721.0,94455.0,40667.0
P-Te,-50748.0,77858.0,54081.0,-62668.0
P-Ti,-470811.0,1747.0,92255.0,-37117.0
P-Tl,-22151.0,16459.0,0.0,0.0
P-Tm,-533758.0,-62354.0,115769.0,1042.0
P-U,-454334.0,-46171.0,40237.0,15928.0
P-V,-349819.0,16468.0,66300.0,-15553.0
P-W,-263142.0,10811.0,51471.0,-36123.0
P-Y,-522050.0,-82029.0,91326.0,-7746.0
P-Yb,-519934.0,-50793.0,105662.0,-24211.0
P-Zn,-81992.0,19243.0,747.0,-20739.0
P-Zr,-580411.0,-15180.0,75618.0,-56407.0
Pb-Pd,-133907.0,26049.0,84374.0,-26919.0
Pb-Pr,-184170.0,-25894.0,20252.0,22271.0
Pb-Pt,-49467.0,5378.0,-44222.0,21963.0
Pb-Rb,-107462.0,-4515.0,65423.0,4121.0
Pb-Re,140102.0,-52187.0,915.0,-42565.0
Pb-Rh,-29329.0,1015.0,0.0,0.0
Pb-Ru,46799.0,-14163.0,-12712.0,-19097.0
Pb-S,-99404.0,32197.0,51674.0,-4777.0
Pb-Sb,173.0,0.0,0.0,0.0
Pb-Sc,-165261.0,3020.0,30677.0,34370.0
Pb-Se,-135439.0,-55608.0,164356.0,61798.0
Pb-Si,55486.0,-19733.0,-1909.0,12546.0
Pb-Sm,-175920.0,-27953.0,19906.0,34417.0
Pb-Sn,5360.0,0.0,0.0,0.0
Pb-Sr,-215808.0,-16366.0,5345.0,56186.0
Pb-Ta,25177.0,-18818.0,0.0,0.0
Pb-Tb,-178894.0,-20688.0,22184.0,23220.0
Pb-Te,-92035.0,25515.0,80254.0,-17051.0
Pb-Ti,-64517.0,1181.0,59409.0,6923.0
Pb-Tl,-4421.0,0.0,0.0,0.0
Pb-Tm,-209636.0,-12363.0,107444.0,17538.0
Pb-U,-29352.0,6108.0,0.0,0.0
Pb-V,13905.0,-33645.0,67935.0,12997.0
Pb-W,161583.0,-44115.0,-11157.0,-13282.0
Pb-Y,-203003.0,-32441.0,57256.0,67944.0
Pb-Yb,-162066.0,8437.0,14104.0,66987.0
Pb-Zn,23044.0,0.0,0.0,0.0
Pb-Zr,-164666.0,10163.0,89357.0,-32023.0
Pd-Pr,-313167.0,-77468.0,-36286.0,24385.0
Pd-Pt,-10916.0,-18641.0,0.0,0.0
Pd-Rb,-108568.0,-1840.0,168049.0,44517.0
Pd-Re,-6851.0,-7608.0,0.0,0.0
Pd-Rh,4687.0,4987.0,0.0,0.0
Pd-Ru,2426.0,6806.0,0.0,0.0
Pd-S,-158654.0,11521.0,14112.0,-29610.0
Pd-Sb,-124242.0,-36919.0,-33943.0,-2279.0
Pd-Sc,-340315.0,-22136.0,16926.0,0.0
Pd-Se,-127606.0,2445.0,-31476.0,-6025.0
Pd-Si,-259057.0,-232873.0,-25698.0,179581.0
Pd-Sm,-309676.0,-66939.0,-22541.0,35312.0
Pd-Sn,-201467.0,-42824.0,45382.0,2831.0
Pd-Sr,-208618.0,-50884.0,5799.0,3351.0
Pd-Ta,-235432.0,5832.0,3893.0,2833.0
Pd-Tb,-325708.0,-63076.0,-34187.0,21607.0
Pd-Te,-101379.0,-24689.0,-35999.0,-28464.0
Pd-Ti,-262476.0,-16317.0,1182.0,3437.0
Pd-Tl,-143008.0,-29194.0,76348.0,15537.0
Pd-Tm,-329612.0,-50457.0,-1862.0,14228.0
Pd-U,-236989.0,-7893.0,-36062.0,-10510.0
Pd-V,-133344.0,5577.0,0.0,0.0
Pd-W,-59274.0,-15338.0,5731.0,29892.0
Pd-Y,-331409.0,-61301.0,-25304.0,8026.0
Pd-Yb,-272673.0,-63694.0,-15949.0,-15393.0
Pd-Zn,-164306.0,34018.0,51961.0,-24272.0
Pd-Zr,-353059.0,-40722.0,16687.0,-34954.0
Pr-Pt,-343918.0,71377.0,43646.0,1009.0
Pr-Rb,205420.0,65859.0,51482.0,19389.0
Pr-Re,-46794.0,17675.0,61864.0,-12630.0
Pr-Rh,-209262.0,61982.0,-38106.0,-805.0
Pr-Ru,-160739.0,50747.0,25753.0,-19070.0
Pr-S,-620515.0,118190.0,88109.0,22226.0
Pr-Sb,-336599.0,28132.0,115078.0,-6560.0
Pr-Sc,5066.0,6729.0,0.0,0.0
Pr-Se,-495296.0,115162.0,58849.0,-44382.0
Pr-Si,-289841.0,29815.0,77259.0,-5185.0
Pr-Sm,9893.0,0.0,0.0,0.0
Pr-Sn,-219362.0,50877.0,-5984.0,-73183.0
Pr-Sr,80820.0,14685.0,-24998.0,30508.0
Pr-Ta,95465.0,-9992.0,21951.0,22365.0
Pr-Tb,7576.0,0.0,0.0,0.0
Pr-Te,-411382.0,11352.0,28989.0,54195.0
Pr-Ti,60015.0,-5384.0,11296.0,-6912.0
Pr-Tl,-131141.0,15144.0,-1302.0,10968.0
Pr-Tm,6595.0,-50.0,0.0,0.0
Pr-U,49161.0,5966.0,-5190.0,0.0
Pr-V,49312.0,-18428.0,31404.0,1103.0
Pr-W,66802.0,6804.0,11764.0,-22397.0
Pr-Y,1569.0,4755.0,0.0,0.0
Pr-Yb,21293.0,-8111.0,0.0,0.0
Pr-Zn,-125149.0,48811.0,19645.0,2288.0
Pr-Zr,52604.0,-108.0,29325.0,-32894.0
Pt-Rb,-16222.0,9192.0,0.0,0.0
Pt-Re,-34757.0,-24884.0,43225.0,47850.0
Pt-Rh,-34261.0,-8137.0,0.0,0.0
Pt-Ru,-52011.0,-1470.0,19363.0,672.0
Pt-S,-109130.0,7128.0,5795.0,-54030.0
Pt-Sb,-80617.0,-25682.0,-36396.0,-17258.0
Pt-Sc,-344529.0,-35130.0,-9267.0,-4617.0
Pt-Se,-90470.0,-6225.0,-6111.0,-19304.0
Pt-Si,-287550.0,-101290.0,124305.0,83714.0
Pt-Sm,-334972.0,-84463.0,3321.0,6633.0
Pt-Sn,-187076.0,-39852.0,46818.0,21196.0
Pt-Sr,-191487.0,-72307.0,45581.0,23107.0
Pt-Ta,-286259.0,14.0,48995.0,1003.0
Pt-Tb,-364009.0,-71024.0,33179.0,-4828.0
Pt-Te,-69785.0,-34182.0,-1579.0,-43895.0
Pt-Ti,-300230.0,4715.0,-7170.0,-10906.0
Pt-Tl,-88918.0,-1848.0,38159.0,-44346.0
Pt-Tm,-342370.0,-55892.0,17204.0,4679.0
Pt-U,-281952.0,-33534.0,1130.0,57254.0
Pt-V,-198153.0,8046.0,-3606.0,-3466.0
Pt-W,-98750.0,-13179.0,-25920.0,16981.0
Pt-Y,-324780.0,-57635.0,3197.0,13633.0
Pt-Yb,-327042.0,-44250.0,44684.0,-54235.0
Pt-Zn,-151312.0,35418.0,33036.0,-62253.0
Pt-Zr,-398303.0,-14138.0,-8114.0,-30315.0
Rb-Re,333386.0,-155547.0,20134.0,-9327.0
Rb-Rh,63489.0,-62511.0,35096.0,29682.0
Rb-Ru,173197.0,-103537.0,30041.0,25252.0
Rb-S,-391540.0,140036.0,37138.0,-61487.0
Rb-Sb,-181675.0,-40840.0,88244.0,54948.0
Rb-Sc,206298.0,-110170.0,115208.0,9854.0
Rb-Se,-325600.0,72488.0,92938.0,-27442.0
Rb-Si,-6310.0,-42555.0,0.0,0.0
Rb-Sm,219296.0,-80791.0,28653.0,17568.0
Rb-Sn,-74266.0,-17681.0,45590.0,36048.0
Rb-Sr,32260.0,-12272.0,0.0,0.0
Rb-Ta,438059.0,-190117.0,61564.0,1965.0
Rb-Tb,221792.0,-102659.0,78381.0,15621.0
Rb-Te,-359495.0,50950.0,252574.0,-17459.0
Rb-Ti,344368.0,-186977.0,136352.0,3214.0
Rb-Tl,-57635.0,-12448.0,23520.0,20039.0
Rb-Tm,192253.0,-89918.0,129318.0,-40596.0
Rb-U,390317.0,-154901.0,23366.0,25814.0
Rb-V,347696.0,-209286.0,123197.0,-17244.0
Rb-W,438257.0,-181491.0,14492.0,-17479.0
Rb-Y,200055.0,-81898.0,51713.0,13666.0
Rb-Yb,234481.0,-89649.0,41013.0,15844.0
Rb-Zn,40015.0,-34670.0,11714.0,48143.0
Rb-Zr,327897.0,-131504.0,138121.0,-74709.0
Re-Rh,-22293.0,9623.0,0.0,0.0
Re-Ru,-26803.0,15568.0,0.0,0.0
Re-S,-126131.0,3754.0,80213.0,76227.0
Re-Sb,46517.0,13454.0,47479.0,25738.0
Re-Sc,-98704.0,-10140.0,56931.0,-5080.0
Re-Se,-35691.0,2494.0,5551.0,75664.0
Re-Si,-144468.0,18888.0,24593.0,-15026.0
Re-Sm,-47369.0,-11383.0,81667.0,12150.0
Re-Sn,43121.0,29229.0,-6922.0,35975.0
Re-Sr,122491.0,47089.0,59711.0,-1105.0
Re-Ta,-109861.0,-6828.0,23525.0,24526.0
Re-Tb,-52766.0,-2143.0,58607.0,-3009.0
Re-Te,50639.0,-30323.0,12720.0,52602.0
Re-Ti,-133175.0,-4746.0,52669.0,-7228.0
Re-Tl,138239.0,45668.0,14817.0,22832.0
Re-Tm,-46800.0,8642.0,46597.0,-51825.0
Re-U,-95082.0,1024.0,15897.0,9400.0
Re-V,-75445.0,-5082.0,59650.0,1863.0
Re-W,-27603.0,13539.0,0.0,0.0
Re-Y,-39343.0,2755.0,48112.0,-7043.0
Re-Yb,-51574.0,25971.0,31680.0,-84096.0
Re-Zn,-7005.0,36042.0,0.0,0.0
Re-Zr,-170993.0,-16394.0,89183.0,-6672.0
Rh-Ru,-1057.0,9065.0,0.0,0.0
Rh-S,-147160.0,-4426.0,38448.0,18505.0
Rh-Sb,-55029.0,-26395.0,-26462.0,27068.0
Rh-Sc,-238316.0,-34801.0,-15375.0,-6881.0
Rh-Se,-97724.0,-13702.0,-6245.0,62991.0
Rh-Si,-197751.0,-13679.0,-14816.0,25699.0
Rh-Sm,-200745.0,-67345.0,-31675.0,14329.0
Rh-Sn,-99624.0,-28351.0,-3004.0,44700.0
Rh-Sr,-92264.0,-63903.0,31077.0,23293.0
Rh-Ta,-208168.0,1652.0,57024.0,-20114.0
Rh-Tb,-222443.0,-68510.0,-26162.0,17874.0
Rh-Te,-39359.0,-17676.0,-35006.0,-55810.0
Rh-Ti,-221467.0,-29501.0,-4105.0,10632.0
Rh-Tl,-34937.0,426.0,6821.0,3017.0
Rh-Tm,-237348.0,-38333.0,31238.0,-38598.0
Rh-U,-193295.0,-32284.0,-24605.0,22399.0
Rh-V,-123103.0,0.0,0.0,0.0
Rh-W,-53469.0,11677.0,12829.0,-436.0
Rh-Y,-212879.0,-49820.0,-49485.0,3626.0
Rh-Yb,-213129.0,-40473.0,37209.0,-68399.0
Rh-Zn,-104673.0,35178.0,13963.0,-34205.0
Rh-Zr,-288667.0,-35146.0,-6033.0,-18467.0
Ru-S,-109989.0,-3467.0,15189.0,22653.0
Ru-Sb,3508.0,-2637.0,0.0,0.0
Ru-Sc,-191478.0,-6002.0,16334.0,-54730.0
Ru-Se,-58629.0,-16037.0,2820.0,74902.0
Ru-Si,-149108.0,-1999.0,7787.0,4061.0
Ru-Sm,-146897.0,-44587.0,42508.0,-1475.0
Ru-Sn,-31815.0,6030.0,0.0,0.0
Ru-Sr,-4403.0,-22929.0,0.0,0.0
Ru-Ta,-182259.0,-12361.0,22869.0,-7043.0
Ru-Tb,-151471.0,-61492.0,-7614.0,15398.0
Ru-Te,4773.0,-16551.0,0.0,0.0
Ru-Ti,-199857.0,-40353.0,127.0,18832.0
Ru-Tl,54375.0,22047.0,-24761.0,-1314.0
Ru-Tm,-171775.0,-14576.0,2551.0,-54989.0
Ru-U,-178208.0,-39200.0,-2241.0,32550.0
Ru-V,-115625.0,-9492.0,5966.0,8826.0
Ru-W,-55554.0,7140.0,20911.0,-3268.0
Ru-Y,-155225.0,-63704.0,-21696.0,40270.0
Ru-Yb,-161060.0,-28473.0,15218.0,-69272.0
Ru-Zn,-48045.0,26630.0,-31352.0,-34790.0
Ru-Zr,-265482.0,-22986.0,19225.0,-25253.0
S-Sb,-44252.0,-95195.0,-27858.0,77280.0
S-Sc,-614175.0,-45673.0,128970.0,5776.0
S-Se,5096.0,0.0,0.0,0.0
S-Si,-93682.0,-26423.0,62433.0,38094.0
S-Sm,-615617.0,-128333.0,62037.0,30234.0
S-Sn,-173698.0,-14748.0,88759.0,-18962.0
S-Sr,-605410.0,-102214.0,96507.0,-906.0
S-Ta,-394086.0,8887.0,-25249.0,-27799.0
S-Tb,-640847.0,-136399.0,95017.0,55962.0
S-Te,-102891.0,-17501.0,41083.0,26683.0
S-Ti,-495176.0,2209.0,69387.0,-21998.0
S-Tl,-130510.0,-36953.0,14734.0,42525.0
S-Tm,-660171.0,-97885.0,219192.0,-17708.0
S-U,-459286.0,-57126.0,38940.0,25401.0
S-V,-327610.0,-1114.0,56015.0,-33270.0
S-W,-161580.0,3405.0,-15739.0,-22496.0
S-Y,-647094.0,-99970.0,87952.0,27226.0
S-Yb,-602284.0,-58761.0,89643.0,-52822.0
S-Zn,-148777.0,18336.0,27427.0,5188.0
S-Zr,-633729.0,-31800.0,89274.0,-104663.0
Sb-Sc,-281177.0,49748.0,97539.0,-12401.0
Sb-Se,-91884.0,86564.0,72263.0,-106216.0
Sb-Si,35175.0,-25573.0,-19193.0,27331.0
Sb-Sm,-314370.0,10783.0,54015.0,-52776.0
Sb-Sn,-5402.0,0.0,0.0,0.0
Sb-Sr,-304412.0,4170.0,45726.0,-19690.0
Sb-Ta,-106125.0,33550.0,28135.0,-16840.0
Sb-Tb,-311216.0,-21056.0,67418.0,17902.0
Sb-Te,-38213.0,18207.0,17962.0,-13231.0
Sb-Ti,-177936.0,51587.0,71452.0,-35676.0
Sb-Tl,-4977.0,4311.0,0.0,0.0
Sb-Tm,-300182.0,18312.0,69871.0,-11506.0
Sb-U,-180864.0,19033.0,50590.0,-5991.0
Sb-V,-57413.0,39956.0,28827.0,-31608.0
Sb-W,57349.0,-20952.0,-25012.0,1561.0
Sb-Y,-304343.0,16884.0,44070.0,-14166.0
Sb-Yb,-285569.0,11506.0,56842.0,3060.0
Sb-Zn,-7895.0,-2345.0,0.0,0.0
Sb-Zr,-282194.0,56704.0,100177.0,-48246.0
Sc-Se,-488257.0,23085.0,92984.0,346.0
Sc-Si,-268751.0,16431.0,43820.0,21354.0
Sc-Sm,11880.0,-5335.0,0.0,0.0
Sc-Sn,-197522.0,-14824.0,74097.0,-20945.0
Sc-Sr,121036.0,-2027.0,-28700.0,48059.0
Sc-Ta,32640.0,9246.0,55870.0,7611.0
Sc-Tb,4111.0,-4371.0,0.0,0.0
Sc-Te,-400111.0,-21206.0,98352.0,-28595.0
Sc-Ti,35884.0,0.0,0.0,0.0
Sc-Tl,-117663.0,-5351.0,29888.0,-5863.0
Sc-Tm,-2546.0,544.0,0.0,0.0
Sc-U,12034.0,10988.0,0.0,0.0
Sc-V,35203.0,-6419.0,0.0,0.0
Sc-W,-3386.0,18564.0,0.0,0.0
Sc-Y,5224.0,-4361.0,0.0,0.0
Sc-Yb,12759.0,-9266.0,0.0,0.0
Sc-Zn,-124862.0,32589.0,55293.0,-22476.0
Sc-Zr,15153.0,-626.0,0.0,0.0
Se-Si,-54806.0,-33457.0,19353.0,-26231.0
Se-Sm,-496723.0,-85388.0,53121.0,36705.0
Se-Sn,-174795.0,-43370.0,136714.0,48661.0
Se-Sr,-499492.0,-41799.0,94874.0,-60331.0
Se-Ta,-262673.0,48313.0,-57671.0,-79255.0
Se-Tb,-507810.0,-134369.0,84814.0,128069.0
Se-Te,-9486.0,0.0,0.0,0.0
Se-Ti,-366510.0,14323.0,11471.0,-33120.0
Se-Tl,-109907.0,80924.0,59113.0,-115305.0
Se-Tm,-490460.0,-58625.0,120276.0,5037.0
Se-U,-343992.0,-25327.0,5395.0,-477.0
Se-V,-231974.0,5657.0,26003.0,-30140.0
Se-W,-71032.0,2352.0,-22897.0,-18549.0
Se-Y,-503469.0,-69139.0,67374.0,12337.0
Se-Yb,-498950.0,-55894.0,114664.0,43011.0
Se-Zn,-92574.0,6189.0,8492.0,-6111.0
Se-Zr,-488247.0,7880.0,49468.0,-108547.0
Si-Sm,-289406.0,-35667.0,58109.0,-29633.0
Si-Sn,41034.0,-28041.0,0.0,0.0
Si-Sr,-182076.0,-23181.0,50655.0,-3311.0
Si-Ta,-239129.0,1972.0,40054.0,-1740.0
Si-Tb,-277993.0,-36879.0,12528.0,-34970.0
Si-Te,-74000.0,68751.0,46095.0,-21446.0
Si-Ti,-245673.0,271.0,82295.0,22398.0
Si-Tl,55408.0,19780.0,6507.0,-12749.0
Si-Tm,-282019.0,-35426.0,18062.0,37643.0
Si-U,-259396.0,-26874.0,60860.0,84801.0
Si-V,-176817.0,-3440.0,18395.0,22803.0
Si-W,-136106.0,2851.0,-10579.0,-14116.0
Si-Y,-273157.0,-2104.0,107050.0,-28058.0
Si-Yb,-266923.0,-22274.0,86752.0,-40820.0
Si-Zn,3416.0,5123.0,0.0,0.0
Si-Zr,-321102.0,-2793.0,58649.0,1208.0
Sm-Sn,-210826.0,43933.0,22253.0,-57704.0
Sm-Sr,77889.0,19449.0,-32739.0,19047.0
Sm-Ta,69845.0,-17614.0,95711.0,36950.0
Sm-Tb,8810.0,0.0,0.0,0.0
Sm-Te,-406395.0,7586.0,27633.0,23923.0
Sm-Ti,58940.0,-4940.0,18367.0,4399.0
Sm-Tl,-132199.0,26165.0,12029.0,-30553.0
Sm-Tm,12528.0,-2787.0,0.0,0.0
Sm-U,52091.0,11539.0,0.0,0.0
Sm-V,82858.0,-3148.0,20061.0,-25321.0
Sm-W,65221.0,-6949.0,36428.0,21394.0
Sm-Y,5174.0,4024.0,0.0,0.0
Sm-Yb,10056.0,2625.0,0.0,0.0
Sm-Zn,-122273.0,48202.0,-11252.0,-9651.0
Sm-Zr,45985.0,9907.0,34587.0,-35413.0
Sn-Sr,-224985.0,-28110.0,57149.0,10720.0
Sn-Ta,-55414.0,-7044.0,-26627.0,10087.0
Sn-Tb,-205390.0,-9599.0,36860.0,8912.0
Sn-Te,-92742.0,31846.0,84170.0,-25253.0
Sn-Ti,-102792.0,5871.0,27288.0,16997.0
Sn-Tl,4961.0,0.0,0.0,0.0
Sn-Tm,-229880.0,-4165.0,85357.0,-19590.0
Sn-U,-106608.0,-60768.0,12719.0,116434.0
Sn-V,-15993.0,28766.0,0.0,0.0
Sn-W,60380.0,-36652.0,-35391.0,15227.0
Sn-Y,-236200.0,-37733.0,58439.0,77520.0
Sn-Yb,-211913.0,-14793.0,37982.0,15104.0
Sn-Zn,12851.0,0.0,0.0,0.0
Sn-Zr,-211631.0,35383.0,71417.0,-47652.0
Sr-Ta,277195.0,-66548.0,-5065.0,19688.0
Sr-Tb,81126.0,-10070.0,-49845.0,-18852.0
Sr-Te,-403277.0,12233.0,27952.0,36365.0
Sr-Ti,227063.0,-41905.0,-5916.0,-35937.0
Sr-Tl,-155388.0,10521.0,-7294.0,-27587.0
Sr-Tm,84221.0,-21052.0,-31333.0,8903.0
Sr-U,205087.0,-30820.0,-22859.0,-17713.0
Sr-V,217843.0,-59519.0,71120.0,-37626.0
Sr-W,236368.0,-38255.0,15982.0,-30839.0
Sr-Y,81700.0,-10429.0,-8239.0,-1821.0
Sr-Yb,78598.0,-20485.0,0.0,0.0
Sr-Zn,-118659.0,28263.0,50078.0,27494.0
Sr-Zr,199812.0,-45180.0,57488.0,-50724.0
Ta-Tb,74748.0,20366.0,54465.0,-47589.0
Ta-Te,-164555.0,-63893.0,-5957.0,32841.0
Ta-Ti,-10282.0,-21604.0,0.0,0.0
Ta-Tl,75387.0,13235.0,-25126.0,9404.0
Ta-Tm,62248.0,3549.0,61308.0,-26422.0
Ta-U,-8534.0,2652.0,0.0,0.0
Ta-V,-10961.0,-13363.0,0.0,0.0
Ta-W,-39182.0,9004.0,-4057.0,0.0
Ta-Y,92567.0,721.0,8556.0,-20413.0
Ta-Yb,68258.0,11631.0,11453.0,-56920.0
Ta-Zn,-42463.0,-3308.0,-10540.0,-13135.0
Ta-Zr,-12408.0,-18342.0,0.0,0.0
Tb-Te,-432319.0,40066.0,135622.0,-72938.0
Tb-Ti,53015.0,0.0,0.0,0.0
Tb-Tl,-132921.0,15112.0,20046.0,3302.0
Tb-Tm,-1665.0,-796.0,0.0,0.0
Tb-U,39468.0,13224.0,-12128.0,0.0
Tb-V,54599.0,-1082.0,15787.0,-24213.0
Tb-W,54378.0,-6842.0,13132.0,27321.0
Tb-Y,2891.0,3932.0,0.0,0.0
Tb-Yb,13389.0,-7683.0,0.0,0.0
Tb-Zn,-112239.0,48235.0,-15182.0,-27049.0
Tb-Zr,34154.0,4878.0,0.0,0.0
Te-Ti,-235234.0,66142.0,-25929.0,-60486.0
Te-Tl,-99283.0,48250.0,55269.0,-92223.0
Te-Tm,-391698.0,5709.0,87829.0,28144.0
Te-U,-254192.0,31020.0,25594.0,-30459.0
Te-V,-119529.0,18239.0,-14805.0,710.0
Te-W,13414.0,16427.0,0.0,0.0
Te-Y,-401636.0,24377.0,7279.0,-35695.0
Te-Yb,-405678.0,8722.0,130155.0,21453.0
Te-Zn,-123149.0,-10963.0,78972.0,5778.0
Te-Zr,-379951.0,72226.0,41993.0,-96268.0
Ti-Tl,3612.0,8184.0,0.0,0.0
Ti-Tm,38742.0,35883.0,11151.0,-49166.0
Ti-U,-18579.0,4402.0,0.0,0.0
Ti-V,-3553.0,5896.0,0.0,0.0
Ti-W,-66236.0,3014.0,32005.0,37256.0
Ti-Y,49589.0,11960.0,18951.0,0.0
Ti-Yb,47118.0,-9405.0,45321.0,-13011.0
Ti-Zn,-72993.0,5197.0,35833.0,12173.0
Ti-Zr,17901.0,-5320.0,0.0,0.0
Tl-Tm,-162544.0,-13999.0,110040.0,-1384.0
Tl-U,14062.0,-652.0,0.0,0.0
Tl-V,48359.0,-23417.0,56150.0,-16012.0
Tl-W,186145.0,-45713.0,-42932.0,5147.0
Tl-Y,-161833.0,-15813.0,57273.0,11642.0
Tl-Yb,-111204.0,6291.0,1320.0,16359.0
Tl-Zn,22780.0,-6579.0,0.0,0.0
Tl-Zr,-106041.0,-4145.0,67619.0,-31346.0
Tm-U,20923.0,-4335.0,0.0,0.0
Tm-V,53405.0,-24223.0,9010.0,36738.0
Tm-W,37528.0,-27662.0,25170.0,75634.0
Tm-Y,-2978.0,-6280.0,0.0,0.0
Tm-Yb,4687.0,-15589.0,0.0,0.0
Tm-Zn,-127570.0,54924.0,51277.0,-23665.0
Tm-Zr,35065.0,-6543.0,45657.0,-20350.0
U-V,-8274.0,-9505.0,0.0,0.0
U-W,-24809.0,-8538.0,0.0,0.0
U-Y,36279.0,4164.0,0.0,0.0
U-Yb,42524.0,3467.0,-1367.0,-48520.0
U-Zn,-45498.0,1819.0,-55362.0,16222.0
U-Zr,-20117.0,-5882.0,0.0,0.0
V-W,-24303.0,19670.0,0.0,0.0
V-Y,64746.0,18836.0,0.0,0.0
V-Yb,61408.0,4361.0,47845.0,-28182.0
V-Zn,-9422.0,10707.0,0.0,0.0
V-Zr,-16977.0,-4533.0,0.0,0.0
W-Y,61141.0,-20213.0,-17343.0,30229.0
W-Yb,53037.0,7373.0,-32084.0,-24742.0
W-Zn,43791.0,13108.0,-95012.0,3187.0
W-Zr,-88874.0,-11225.0,40718.0,-3000.0
Y-Yb,13608.0,-13218.0,0.0,0.0
Y-Zn,-135327.0,39975.0,33730.0,-19460.0
Y-Zr,58707.0,1252.0,8536.0,-31099.0
Yb-Zn,-118159.0,34106.0,8272.0,0.0
Yb-Zr,32809.0,4990.0,0.0,0.0
Zn-Zr,-146779.0,-6364.0,122637.0,-39902.0
