alloy,xB,H_mix
Ag-Ca,0.249,-19620.0
Ag-Ca,0.4634,-24609.0
Ag-Ca,0.5562,-23497.0
Ag-Ca,0.6313,-20931.0
Ag-Ca,0.6768,-19661.0
Ag-Ca,0.7157,-17908.0
Ag-Ca,0.9396,-4025.0
Ag-Ca,0.8259,-10821.0
Ag-Ca,0.7353,-15745.0
Ag-Ca,0.6306,-20054.0
Ag-Ca,0.5477,-22184.0
Ag-Ca,0.4708,-22754.0
Ag-Ca,0.3962,-22105.0
Ag-Ca,0.3416,-20723.0
Ag-Ca,0.2999,-19024.0
Ag-Ca,0.2673,-17432.0
Ag-Ca,0.2393,-15782.0
Ag-Ca,0.0642,-5522.0
Ag-Ca,0.1123,-9541.0
Ag-Ca,0.1288,-10863.0
Ag-Ca,0.2073,-13598.0
Ag-Ca,0.5175,-24219.0
Ag-Ca,0.4438,-24367.0
Ag-Ca,0.3685,-23154.0
Ag-Ca,0.3115,-21260.0
Ag-Ca,0.2711,-19491.0
Ag-Ca,0.2405,-17799.0
Ag-Ca,0.2145,-16182.0
Ag-Ca,0.1893,-14356.0
Ag-Ca,0.1699,-12900.0
Ag-Ca,0.1487,-11130.0
Ag-Ca,0.1327,-9717.0
Ag-Ca,0.1203,-8543.0
Ag-Ca,0.1103,-7643.0
Ag-Ca,0.0984,-7126.0
Ag-Ca,0.1897,-13838.0
Ag-Ca,0.9626,-2246.0
Ag-Ca,0.9156,-4982.0
Ag-Ca,0.8703,-7675.0
Ag-Ca,0.8188,-10841.0
Ag-Ca,0.7564,-14127.0
Ag-Ca,0.9647,-2077.0
Ag-Ca,0.9224,-4593.0
Ag-Ca,0.8808,-6941.0
Ag-Li,0.5245,-11489.0
Ag-Li,0.4847,-11379.0
Ag-Li,0.4371,-10910.0
Ag-Li,0.4086,-10553.0
Ag-Li,0.3774,-10105.0
Ag-Li,0.3503,-9574.0
Ag-Li,0.3281,-9199.0
Ag-Li,0.3124,-8856.0
Ag-Li,0.2976,-8472.0
Ag-Li,0.2851,-8153.0
Ag-Li,0.2711,-7848.0
Ag-Li,0.264,-7750.0
Ag-Li,0.2187,-7224.0
Ag-Li,0.1995,-6685.0
Ag-Li,0.1884,-6326.0
Ag-Li,0.1698,-5665.0
Ag-Li,0.1583,-5052.0
Ag-Li,0.1461,-4623.0
Ag-Li,0.1355,-4233.0
Ag-Li,0.1287,-4000.0
Ag-Li,0.1205,-3754.0
Ag-Li,0.1152,-3569.0
Ag-Li,0.1097,-3342.0
Ag-Li,0.1043,-3156.0
Ag-Li,0.1002,-3056.0
Ag-Li,0.9771,-340.0
Ag-Li,0.932,-1984.0
Ag-Li,0.8972,-3208.0
Ag-Li,0.8408,-5094.0
Ag-Li,0.7867,-7102.0
Ag-Li,0.7617,-7808.0
Ag-Li,0.7274,-8727.0
Ag-Li,0.7007,-9395.0
Ag-Li,0.6719,-10035.0
Ag-Li,0.6338,-10743.0
Ag-Li,0.5985,-11265.0
Ag-Li,0.5664,-11679.0
Ga-Li,0.4284,-19776.0
Ga-Li,0.5421,-21183.0
Ga-Li,0.652,-20012.0
Ga-Li,0.7322,-16970.0
Ga-Li,0.7709,-14808.0
Ga-Li,0.7991,-12777.0
Ga-Li,0.8282,-11170.0
Ga-Li,0.0908,-5121.0
Ga-Li,0.1797,-10198.0
Ga-Li,0.2283,-12777.0
Ga-Li,0.3064,-16096.0
Ga-Li,0.3748,-18694.0
Ga-Li,0.9801,-1379.0
Ga-Li,0.9468,-4066.0
Ga-Li,0.9218,-6401.0
Ga-Li,0.894,-8520.0
Ga-Li,0.865,-10472.0
Ga-Li,0.8391,-12174.0
Ga-Li,0.8058,-14369.0
Ga-Li,0.7734,-16214.0
Ga-Li,0.703,-19436.0
Ga-Li,0.1,-5600.0
Ga-Li,0.2,-11200.0
Ga-Li,0.3,-15900.0
Ga-Li,0.4,-19300.0
Ga-Li,0.5,-21100.0
Ga-Li,0.6,-20900.0
Ga-Li,0.7,-18500.0
Ga-Li,0.8,-14000.0
Ga-Li,0.9,-7700.0
Li-Zn,0.048,-1120.0
Li-Zn,0.0842,-1975.0
Li-Zn,0.1325,-3172.0
Li-Zn,0.1615,-3913.0
Li-Zn,0.244,-6121.0
Li-Zn,0.3112,-7756.0
Li-Zn,0.3661,-9067.0
Li-Zn,0.4049,-9858.0
Li-Zn,0.4381,-10466.0
Li-Zn,0.4622,-10839.0
Li-Zn,0.4886,-11252.0
Li-Zn,0.5125,-11579.0
Li-Zn,0.8716,-6519.0
Li-Zn,0.7511,-10492.0
Li-Zn,0.6707,-11655.0
Li-Zn,0.5926,-11769.0
Li-Zn,0.5252,-11218.0
Li-Zn,0.4652,-10386.0
Li-Zn,0.5044,-11446.0
Li-Zn,0.621,-12252.0
Li-Zn,0.698,-11754.0
Li-Zn,0.7433,-10851.0
Li-Zn,0.7863,-9740.0
Li-Zn,0.8265,-8330.0
Li-Zn,0.8517,-7440.0
Al-Li,0.5053,-12133.0
Al-Li,0.4012,-10130.0
Al-Li,0.3334,-8394.0
Al-Li,0.2867,-7199.0
Al-Li,0.251,-6354.0
Al-Li,0.2231,-5591.0
Al-Li,0.1991,-5201.0
Al-Li,0.1812,-4400.0
Al-Li,0.1663,-3972.0
Al-Li,0.1536,-3613.0
Al-Li,0.7658,-8281.0
Al-Li,0.6675,-10649.0
Al-Li,0.3598,-9084.0
Al-Li,0.511,-11927.0
Al-Li,0.6112,-12025.0
Al-Li,0.7288,-9587.0
Al-Li,0.7879,-7727.0
Al-Li,0.8245,-6300.0
Al-Li,0.8493,-5408.0
Li-Sb,0.0201,-6395.0
Li-Sb,0.0419,-13326.0
Li-Sb,0.0639,-20330.0
Li-Sb,0.0851,-27098.0
Li-Sb,0.1077,-34326.0
Li-Sb,0.13,-41487.0
Li-Sb,0.1579,-50363.0
Li-Sb,0.0194,-5968.0
Li-Sb,0.0476,-15141.0
Li-Sb,0.077,-24618.0
Li-Sb,0.1062,-33670.0
Li-Sb,0.1345,-42134.0
Li-Sb,0.1615,-51099.0
Li-Sb,0.0304,-9469.0
Li-Sb,0.0639,-20019.0
Li-Sb,0.0997,-32020.0
Li-Sb,0.1335,-43370.0
Li-Sb,0.1666,-54584.0
Li-Sb,0.8709,-11300.0
Li-Sb,0.7766,-19948.0
Li-Sb,0.6965,-27582.0
Li-Sb,0.6304,-33790.0
Li-Sb,0.5795,-38635.0
Li-Sb,0.5349,-43283.0
Li-Sb,0.4945,-47291.0
Li-Sb,0.4599,-50883.0
Li-Si,0.0247,-3400.0
Li-Si,0.0607,-8400.0
Li-Si,0.0949,-13400.0
Li-Si,0.1289,-18500.0
Li-Si,0.1562,-22800.0
Li-Si,0.3546,-31900.0
Li-Si,0.2032,-25700.0
Li-Si,0.125,-15200.0
Li-Si,0.5002,-28300.0
Li-Si,0.4591,-29400.0
Li-Si,0.2717,-28500.0
Li-Si,0.1587,-18000.0
Li-Si,0.0962,-8900.0
Li-Si,0.1172,-12100.0
Li-Si,0.1387,-15200.0
Li-Si,0.1638,-18600.0
Li-Si,0.1829,-21100.0
Li-Si,0.21,-24100.0
Li-Si,0.2272,-25600.0
Li-Si,0.244,-26700.0
Li-Si,0.2719,-28100.0
Li-Si,0.2971,-29000.0
Li-Si,0.3305,-29700.0
Li-Si,0.3452,-29800.0
Cu-Ga,0.914,-1161.0
Cu-Ga,0.837,-2400.0
Cu-Ga,0.768,-3590.0
Cu-Ga,0.708,-4550.0
Cu-Ga,0.655,-5546.0
Cu-Ga,0.609,-6529.0
Cu-Ga,0.568,-7451.0
Cu-Ga,0.531,-8331.0
Cu-Ga,0.498,-9113.0
Cu-Ga,0.468,-9798.0
Cu-Ga,0.441,-10418.0
Cu-Ga,0.416,-11001.0
Cu-Ga,0.393,-11470.0
Cu-Ga,0.372,-11826.0
Cu-Ga,0.353,-12090.0
Cu-Ga,0.335,-12358.0
Cu-Ga,0.318,-12429.0
Cu-Ga,0.913,-1291.0
Cu-Ga,0.836,-2552.0
Cu-Ga,0.769,-3723.0
Cu-Ga,0.709,-4755.0
Cu-Ga,0.658,-5401.0
Cu-Ga,0.613,-6406.0
Cu-Ga,0.572,-7204.0
Cu-Ga,0.535,-8006.0
Cu-Ga,0.502,-8772.0
Cu-Ga,0.472,-9507.0
Cu-Ga,0.445,-10110.0
Cu-Ga,0.421,-10595.0
Cu-Ga,0.398,-11055.0
Cu-Ga,0.377,-11371.0
Cu-Ga,0.357,-11758.0
Cu-Ga,0.339,-11976.0
Cu-Ga,0.322,-12064.0
Cu-Ga,0.915,-1093.0
Cu-Ga,0.839,-2194.0
Cu-Ga,0.77,-3380.0
Cu-Ga,0.708,-4546.0
Cu-Ga,0.656,-5421.0
Cu-Ga,0.611,-6294.0
Cu-Ga,0.572,-6920.0
Cu-Ga,0.535,-7750.0
Cu-Ga,0.503,-8420.0
Cu-Ga,0.472,-9020.0
Cu-Ga,0.444,-9653.0
Cu-Ga,0.42,-10054.0
Cu-Ga,0.398,-10374.0
Cu-Ga,0.378,-10643.0
Cu-Ga,0.359,-10908.0
Cu-Ga,0.341,-11106.0
Cu-Ga,0.324,-11230.0
Cu-Ga,0.309,-11223.0
Cu-Ga,0.917,-1002.0
Cu-Ga,0.8462,-2055.0
Cu-Ga,0.775,-3089.0
Cu-Ga,0.716,-4110.0
Cu-Ga,0.663,-5040.0
Cu-Ga,0.617,-5950.0
Cu-Ga,0.575,-6799.0
Cu-Ga,0.538,-7545.0
Cu-Ga,0.505,-8219.0
Cu-Ga,0.475,-8798.0
Cu-Ga,0.447,-9406.0
Cu-Ga,0.422,-9897.0
Cu-Ga,0.4,-10259.0
Cu-Ga,0.379,-10540.0
Cu-Ga,0.36,-10773.0
Cu-Ga,0.342,-10965.0
Cu-Ga,0.325,-11118.0
Cu-Ga,0.31,-11195.0
Cu-Ga,0.301,-11213.0
Cu-Ga,0.292,-11203.0
Cu-Ga,0.284,-11160.0
Cu-Ga,0.276,-11092.0
Cu-Ga,0.267,-10992.0
Cu-Ga,0.26,-10889.0
Cu-Ga,0.252,-10785.0
Cu-Ga,0.245,-10608.0
Cu-Ga,0.237,-10424.0
Cu-Ga,0.231,-10235.0
Cu-Ga,0.224,-10065.0
Cu-Ga,0.218,-9944.0
Cu-Ga,0.212,-9829.0
Cu-Ga,0.205,-9651.0
Cu-Ga,0.199,-9453.0
Cu-Ga,0.194,-9262.0
Cu-Ga,0.188,-9051.0
Cu-Ga,0.921,-953.0
Cu-Ga,0.847,-1809.0
Cu-Ga,0.784,-2832.0
Cu-Ga,0.729,-3835.0
Cu-Ga,0.68,-4671.0
Cu-Ga,0.635,-5368.0
Cu-Ga,0.595,-6141.0
Cu-Ga,0.559,-6730.0
Cu-Ga,0.525,-7430.0
Cu-Ga,0.495,-7995.0
Cu-Ga,0.468,-8460.0
Cu-Ga,0.443,-8923.0
Cu-Ga,0.42,-9296.0
Cu-Ga,0.4,-9494.0
Cu-Ga,0.379,-9727.0
Cu-Ga,0.36,-9887.0
Cu-Ga,0.342,-9953.0
Cu-Ga,0.913,-959.0
Cu-Ga,0.84,-2113.0
Cu-Ga,0.774,-3109.0
Cu-Ga,0.717,-4039.0
Cu-Ga,0.664,-5024.0
Cu-Ga,0.618,-5890.0
Cu-Ga,0.576,-6656.0
Cu-Ga,0.539,-7387.0
Cu-Ga,0.505,-8083.0
Cu-Ga,0.475,-8590.0
Cu-Ga,0.448,-9046.0
Cu-Ga,0.423,-9505.0
Cu-Ga,0.4,-9744.0
Cu-Ga,0.38,-9988.0
Cu-Ga,0.359,-10176.0
Cu-Ga,0.341,-10248.0
Cu-Ga,0.324,-10279.0
Cu-Ga,0.315,-10265.0
Cu-Ga,0.306,-10182.0
Cu-Ga,0.297,-10061.0
Cu-Ga,0.288,-9974.0
Cu-Ga,0.279,-9895.0
Cu-Ga,0.271,-9805.0
Cu-Ga,0.263,-9690.0
Cu-Ga,0.255,-9529.0
Cu-Ga,0.247,-9370.0
Cu-Ga,0.24,-9182.0
Cu-Ga,0.232,-9018.0
Cu-Ga,0.225,-8883.0
Cu-Ga,0.219,-8643.0
Cu-Ga,0.212,-8435.0
Cu-Ga,0.206,-8243.0
Cu-Ga,0.2,-8006.0
Cu-Ga,0.194,-7820.0
Ag-Ga,0.954,300.0
Ag-Ga,0.906,306.0
Ag-Ga,0.861,409.0
Ag-Ga,0.819,418.0
Ag-Ga,0.779,356.0
Ag-Ga,0.742,239.0
Ag-Ga,0.708,107.0
Ag-Ga,0.675,-47.0
Ag-Ga,0.645,-175.0
Ag-Ga,0.617,-385.0
Ag-Ga,0.59,-553.0
Ag-Ga,0.564,-765.0
Ag-Ga,0.54,-969.0
Ag-Ga,0.518,-1132.0
Ag-Ga,0.498,-1314.0
Ag-Ga,0.478,-1562.0
Ag-Ga,0.46,-1785.0
Ag-Ga,0.443,-2015.0
Ag-Ga,0.948,370.0
Ag-Ga,0.899,325.0
Ag-Ga,0.854,378.0
Ag-Ga,0.812,344.0
Ag-Ga,0.771,242.0
Ag-Ga,0.734,183.0
Ag-Ga,0.7,72.0
Ag-Ga,0.667,-111.0
Ag-Ga,0.637,-302.0
Ag-Ga,0.609,-489.0
Ag-Ga,0.583,-703.0
Ag-Ga,0.558,-901.0
Ag-Ga,0.535,-1144.0
Ag-Ga,0.513,-1343.0
Ag-Ga,0.492,-1552.0
Ag-Ga,0.472,-1756.0
Ag-Ga,0.453,-1866.0
Ag-Ga,0.434,-2108.0
Ag-Ga,0.424,-2216.0
Ag-Ga,0.414,-2299.0
Ag-Ga,0.404,-2417.0
Ag-Ga,0.394,-2520.0
Ag-Ga,0.385,-2551.0
Ag-Ga,0.376,-2619.0
Ag-Ga,0.366,-2664.0
Ag-Ga,0.357,-2763.0
Ag-Ga,0.348,-2839.0
Ag-Ga,0.34,-2927.0
Ag-Ga,0.331,-3019.0
Ag-Ga,0.323,-3074.0
Ag-Ga,0.315,-3098.0
Ag-Ga,0.307,-3157.0
Ag-Ga,0.3,-3141.0
Li-Sb,0.0035,-939.0
Li-Sb,0.0071,-1960.0
Li-Sb,0.0109,-3071.0
Li-Sb,0.0148,-4289.0
Li-Sb,0.0188,-5603.0
Li-Sb,0.0228,-6938.0
Li-Sb,0.027,-8290.0
Li-Sb,0.0311,-9631.0
Li-Sb,0.0352,-10959.0
Li-Sb,0.0392,-12282.0
Li-Sb,0.0435,-13683.0
Li-Sb,0.0477,-15084.0
Li-Sb,0.0519,-16487.0
Li-Sb,0.0562,-17886.0
Li-Sb,0.0604,-19318.0
Li-Sb,0.0648,-20764.0
Li-Sb,0.069,-22169.0
Li-Sb,0.0733,-23593.0
Li-Sb,0.0819,-26461.0
Li-Sb,0.0863,-27934.0
Li-Sb,0.0908,-29427.0
Li-Sb,0.0954,-30943.0
Li-Sb,0.1002,-32559.0
Li-Sb,0.1049,-34151.0
Li-Sb,0.003,-722.0
Li-Sb,0.0062,-1483.0
Li-Sb,0.0095,-2279.0
Li-Sb,0.013,-3113.0
Li-Sb,0.0165,-4053.0
Li-Sb,0.02,-5074.0
Li-Sb,0.0235,-6219.0
Li-Sb,0.0272,-7443.0
Li-Sb,0.031,-8734.0
Li-Sb,0.0349,-10023.0
Li-Sb,0.0388,-11352.0
Li-Sb,0.0427,-12656.0
Li-Sb,0.0466,-13960.0
Li-Sb,0.0504,-15255.0
Li-Sb,0.0546,-16673.0
Li-Sb,0.0588,-18076.0
Li-Sb,0.0629,-19416.0
Li-Sb,0.067,-20784.0
Li-Sb,0.072,-22498.0
Li-Sb,0.0769,-24169.0
Li-Sb,0.082,-25923.0
Li-Sb,0.0871,-27627.0
Li-Sb,0.0922,-29355.0
Li-Sb,0.0973,-31098.0
Li-Sb,0.1026,-32896.0
Li-Sb,0.9578,-3788.0
Li-Sb,0.917,-7456.0
Li-Sb,0.8791,-10827.0
Li-Sb,0.842,-14183.0
Li-Sb,0.805,-17384.0
Li-Sb,0.7711,-19303.0
Li-Sb,0.7389,-22065.0
Li-Sb,0.7086,-25444.0
Li-Sb,0.6805,-28439.0
Li-Sb,0.6535,-31220.0
Li-Sb,0.6281,-33938.0
Li-Sb,0.6041,-36467.0
Li-Sb,0.5805,-38922.0
Li-Sb,0.5578,-41514.0
Li-Sb,0.5358,-43954.0
Li-Sb,0.5154,-46212.0
Li-Sb,0.4961,-48380.0
Li-Sb,0.9701,-2726.0
Li-Sb,0.9365,-5676.0
Li-Sb,0.9022,-8631.0
Li-Sb,0.8642,-12560.0
Li-Sb,0.8282,-15987.0
Li-Sb,0.7916,-19223.0
Li-Sb,0.7575,-22393.0
Li-Sb,0.7256,-25603.0
Li-Sb,0.6959,-28591.0
Li-Sb,0.6672,-30975.0
Li-Sb,0.6393,-33756.0
Li-Sb,0.6132,-36421.0
Li-Sb,0.5883,-39142.0
Li-Sb,0.565,-41613.0
Li-Sb,0.5413,-44206.0
Li-Sb,0.5195,-46476.0
Li-Sb,0.4992,-48640.0
Li-Sb,0.4484,-54110.0
Li-Sb,0.4579,-53103.0
Li-Sb,0.4673,-52084.0
Li-Sb,0.4766,-51093.0
Li-Sb,0.4858,-50093.0
Li-Sb,0.4949,-49153.0
Li-Sb,0.4611,-53401.0
Li-Sb,0.4712,-52378.0
Li-Sb,0.481,-51395.0
Li-Sb,0.4908,-50386.0
Li-Sb,0.5004,-49424.0
Li-Sb,0.5099,-48426.0
Ag-Sn,0.9621,260.0
Ag-Sn,0.9246,460.0
Ag-Sn,0.8892,600.0
Ag-Sn,0.8542,710.0
Ag-Sn,0.8209,790.0
Ag-Sn,0.7888,820.0
Ag-Sn,0.7579,810.0
Ag-Sn,0.7284,780.0
Ag-Sn,0.6999,730.0
Ag-Sn,0.6727,640.0
Ag-Sn,0.647,540.0
Ag-Sn,0.622,410.0
Ag-Sn,0.5986,270.0
Ag-Sn,0.5763,130.0
Ag-Sn,0.5547,-40.0
Ag-Sn,0.5341,-200.0
Ag-Sn,0.5144,-390.0
Ag-Sn,0.4956,-640.0
Ag-Sn,0.4776,-910.0
Ag-Sn,0.4606,-1150.0
Ag-Sn,0.4444,-1430.0
Ag-Sn,0.9529,270.0
Ag-Sn,0.9092,470.0
Ag-Sn,0.8685,590.0
Ag-Sn,0.8306,670.0
Ag-Sn,0.7951,700.0
Ag-Sn,0.762,690.0
Ag-Sn,0.7309,640.0
Ag-Sn,0.7013,580.0
Ag-Sn,0.6734,490.0
Ag-Sn,0.6474,380.0
Ag-Sn,0.6227,260.0
Ag-Sn,0.5996,120.0
Ag-Sn,0.5777,-30.0
Ag-Sn,0.5568,-190.0
Ag-Sn,0.537,-380.0
Ag-Sn,0.5183,-600.0
Ag-Sn,0.5005,-820.0
Ag-Sn,0.4836,-1070.0
Ag-Sn,0.4676,-1320.0
Ag-Sn,0.4522,-1580.0
Ag-Sn,0.4377,-1840.0
Ag-Sn,0.96,160.0
Ag-Sn,0.9191,280.0
Ag-Sn,0.8804,360.0
Ag-Sn,0.8435,400.0
Ag-Sn,0.8099,410.0
Ag-Sn,0.7782,410.0
Ag-Sn,0.7474,370.0
Ag-Sn,0.7191,310.0
Ag-Sn,0.6908,240.0
Ag-Sn,0.6631,140.0
Ag-Sn,0.6381,30.0
Ag-Sn,0.6139,-90.0
Ag-Sn,0.5913,-230.0
Ag-Sn,0.5701,-370.0
Ag-Sn,0.5503,-500.0
Ag-Sn,0.5309,-650.0
Ag-Sn,0.5124,-800.0
Ag-Sn,0.4949,-970.0
Ag-Sn,0.4783,-1120.0
Ag-Sn,0.4621,-1280.0
Ag-Sn,0.4462,-1440.0
Ag-Sn,0.9528,50.0
Ag-Sn,0.9078,160.0
Ag-Sn,0.8654,240.0
Ag-Sn,0.8253,250.0
Ag-Sn,0.7866,260.0
Ag-Sn,0.7503,220.0
Ag-Sn,0.7156,150.0
Ag-Sn,0.6829,50.0
Ag-Sn,0.6523,-60.0
Ag-Sn,0.6236,-170.0
Ag-Sn,0.5958,-310.0
Ag-Sn,0.5694,-450.0
Ag-Sn,0.5449,-600.0
Ag-Sn,0.5215,-760.0
Ag-Sn,0.4997,-930.0
Ag-Sn,0.479,-1090.0
Ag-Sn,0.4596,-1250.0
Ag-Sn,0.4412,-1420.0
Ag-Sn,0.4236,-1590.0
Ag-Sn,0.4073,-1740.0
Ag-Sn,0.3915,-1900.0
Ag-Sn,0.9543,100.0
Ag-Sn,0.9109,170.0
Ag-Sn,0.87,200.0
Ag-Sn,0.8311,200.0
Ag-Sn,0.7954,200.0
Ag-Sn,0.7614,180.0
Ag-Sn,0.7299,150.0
Ag-Sn,0.7008,100.0
Ag-Sn,0.6737,0.0
Ag-Sn,0.6483,-90.0
Ag-Sn,0.6244,-200.0
Ag-Sn,0.602,-320.0
Ag-Sn,0.5805,-440.0
Ag-Sn,0.56,-550.0
Ag-Sn,0.5407,-690.0
Ag-Sn,0.5223,-820.0
Ag-Sn,0.5047,-940.0
Ag-Sn,0.9314,310.0
Ag-Sn,0.8696,420.0
Ag-Sn,0.8128,300.0
Ag-Sn,0.762,230.0
Ag-Sn,0.7155,140.0
Ag-Sn,0.6722,-140.0
Ag-Sn,0.6325,-190.0
Ag-Sn,0.595,-310.0
Ag-Sn,0.5604,-440.0
Ag-Sn,0.5296,-550.0
Ag-Sn,0.501,-710.0
Ag-Sn,0.4746,-920.0
Ag-Sn,0.4494,-1110.0
Ag-Sn,0.4267,-1420.0
Ag-Sn,0.4053,-1590.0
Ag-Sn,0.3848,-1730.0
Ag-Sn,0.9541,80.0
Ag-Sn,0.91,30.0
Ag-Sn,0.8692,70.0
Ag-Sn,0.8317,40.0
Ag-Sn,0.7959,30.0
Ag-Sn,0.7625,20.0
Ag-Sn,0.731,-50.0
Ag-Sn,0.7013,-160.0
Ag-Sn,0.6735,-300.0
Ag-Sn,0.6476,-400.0
Ag-Sn,0.6228,-550.0
Ag-Sn,0.5997,-670.0
Ag-Sn,0.5775,-700.0
Ag-Sn,0.5565,-840.0
Ag-Sn,0.5368,-940.0
Ag-Sn,0.5182,-1040.0
Ag-Sn,0.5005,-1160.0
Ag-Sn,0.0299,-760.0
Ag-Sn,0.0595,-1530.0
Ag-Sn,0.0897,-2190.0
Ag-Sn,0.1192,-2690.0
Ag-Sn,0.1496,-3020.0
Ag-Sn,0.1816,-3300.0
Ag-Sn,0.2133,-3310.0
Ag-Sn,0.245,-3250.0
Ag-Sn,0.2769,-3100.0
Ag-Sn,0.3093,-2910.0
Ag-Sn,0.3411,-2800.0
Ag-Sn,0.3726,-2720.0
Ag-Sn,0.4042,-2600.0
Ag-Sn,0.4346,-2460.0
Ag-Sn,0.4646,-2310.0
Ag-Sn,0.4937,-2030.0
Cu-Sn,0.9645,30.0
Cu-Sn,0.9297,0.0
Cu-Sn,0.8958,-50.0
Cu-Sn,0.8631,-110.0
Cu-Sn,0.8312,-200.0
Cu-Sn,0.8002,-310.0
Cu-Sn,0.7704,-440.0
Cu-Sn,0.7417,-580.0
Cu-Sn,0.7143,-730.0
Cu-Sn,0.6881,-900.0
Cu-Sn,0.6627,-1090.0
Cu-Sn,0.6383,-1280.0
Cu-Sn,0.615,-1480.0
Cu-Sn,0.5928,-1690.0
Cu-Sn,0.5716,-1910.0
Cu-Sn,0.5509,-2140.0
Cu-Sn,0.5312,-2370.0
Cu-Sn,0.5127,-2600.0
Cu-Sn,0.4948,-2830.0
Cu-Sn,0.4776,-3070.0
Cu-Sn,0.4612,-3310.0
Cu-Sn,0.965,50.0
Cu-Sn,0.9306,70.0
Cu-Sn,0.8971,80.0
Cu-Sn,0.8641,40.0
Cu-Sn,0.8335,10.0
Cu-Sn,0.8032,-60.0
Cu-Sn,0.7732,-150.0
Cu-Sn,0.7452,-260.0
Cu-Sn,0.7179,-370.0
Cu-Sn,0.6919,-500.0
Cu-Sn,0.6665,-640.0
Cu-Sn,0.6425,-800.0
Cu-Sn,0.6196,-960.0
Cu-Sn,0.5977,-1140.0
Cu-Sn,0.5765,-1320.0
Cu-Sn,0.5563,-1510.0
Cu-Sn,0.5368,-1710.0
Cu-Sn,0.5168,-2000.0
Cu-Sn,0.4991,-2190.0
Cu-Sn,0.482,-2380.0
Cu-Sn,0.4656,-2580.0
Cu-Sn,0.9357,10.0
Cu-Sn,0.8763,-60.0
Cu-Sn,0.8224,-140.0
Cu-Sn,0.7741,-230.0
Cu-Sn,0.7288,-480.0
Cu-Sn,0.6862,-680.0
Cu-Sn,0.6469,-880.0
Cu-Sn,0.611,-1070.0
Cu-Sn,0.5779,-1380.0
Cu-Sn,0.5467,-1650.0
Cu-Sn,0.5179,-1840.0
Cu-Sn,0.4915,-1990.0
Cu-Sn,0.467,-2220.0
Cu-Sn,0.4441,-2800.0
Cu-Sn,0.4228,-3060.0
Cu-Sn,0.4024,-3290.0
Cu-Sn,0.936,-60.0
Cu-Sn,0.8784,-170.0
Cu-Sn,0.825,-340.0
Cu-Sn,0.7758,-410.0
Cu-Sn,0.7301,-680.0
Cu-Sn,0.6885,-900.0
Cu-Sn,0.6498,-1160.0
Cu-Sn,0.6143,-1360.0
Cu-Sn,0.5806,-1570.0
Cu-Sn,0.5498,-1790.0
Cu-Sn,0.5211,-1930.0
Cu-Sn,0.4949,-2160.0
Cu-Sn,0.4696,-2320.0
Cu-Sn,0.4463,-2630.0
Cu-Sn,0.4251,-2770.0
Cu-Sn,0.4049,-3080.0
Cu-Sn,0.386,-3270.0
Cu-Sn,0.0656,-2290.0
Cu-Sn,0.1248,-3900.0
Cu-Sn,0.179,-4720.0
Cu-Sn,0.2307,-4900.0
Cu-Sn,0.2769,-4520.0
Cu-Sn,0.3202,-4300.0
Cu-Sn,0.3593,-3820.0
Cu-Sn,0.3955,-3560.0
Cu-Sn,0.4287,-3290.0
Cu-Sn,0.4601,-2790.0
Cu-Sn,0.4893,-2640.0
Cu-Sn,0.5161,-2580.0
Cu-Sn,0.541,-2410.0
Cu-Sn,0.5639,-2260.0
Cu-Sn,0.5855,-2140.0
Cu-Sn,0.6056,-2100.0
Cu-Sn,0.6241,-1720.0
Ni-Sn,0.9505,-2330.0
Ni-Sn,0.9045,-4500.0
Ni-Sn,0.8611,-6530.0
Ni-Sn,0.8195,-8460.0
Ni-Sn,0.7801,-10270.0
Ni-Sn,0.7429,-11980.0
Ni-Sn,0.7072,-13530.0
Ni-Sn,0.6739,-14960.0
Ni-Sn,0.6425,-16280.0
Ni-Sn,0.612,-16920.0
Ni-Sn,0.5835,-17380.0
Ni-Sn,0.5569,-17800.0
Ni-Sn,0.532,-18250.0
Ni-Sn,0.5081,-18640.0
Ni-Sn,0.4858,-18940.0
Ni-Sn,0.4648,-19270.0
Ni-Sn,0.9717,-1330.0
Ni-Sn,0.9434,-2650.0
Ni-Sn,0.9159,-3920.0
Ni-Sn,0.8889,-5130.0
Ni-Sn,0.867,-6270.0
Ni-Sn,0.8366,-7400.0
Ni-Sn,0.8106,-8490.0
Ni-Sn,0.7855,-9520.0
Ni-Sn,0.7612,-10470.0
Ni-Sn,0.7377,-11380.0
Ni-Sn,0.715,-12210.0
Ni-Sn,0.6927,-13010.0
Ni-Sn,0.6712,-13730.0
Ni-Sn,0.6502,-14370.0
Ni-Sn,0.6298,-14820.0
Ni-Sn,0.6105,-15070.0
Ni-Sn,0.5917,-15240.0
Ni-Sn,0.9527,-2190.0
Ni-Sn,0.9073,-4220.0
Ni-Sn,0.864,-6140.0
Ni-Sn,0.8236,-7930.0
Ni-Sn,0.786,-9550.0
Ni-Sn,0.75,-11130.0
Ni-Sn,0.716,-12600.0
Ni-Sn,0.6832,-13960.0
Ni-Sn,0.652,-15240.0
Ni-Sn,0.623,-16400.0
Ni-Sn,0.5952,-17420.0
Ni-Sn,0.5696,-18350.0
Ni-Sn,0.545,-19160.0
Ni-Sn,0.522,-19810.0
Ni-Sn,0.5,-20430.0
Ni-Sn,0.4795,-20880.0
Ni-Sn,0.4601,-21270.0
Ni-Sn,0.9727,-1290.0
Ni-Sn,0.9448,-2570.0
Ni-Sn,0.9176,-3790.0
Ni-Sn,0.8907,-5050.0
Ni-Sn,0.8642,-6260.0
Ni-Sn,0.8381,-7460.0
Ni-Sn,0.8129,-8600.0
Ni-Sn,0.7883,-9660.0
Ni-Sn,0.7633,-10750.0
Ni-Sn,0.7402,-11760.0
Ni-Sn,0.7175,-12760.0
Ni-Sn,0.6953,-13700.0
Ni-Sn,0.6739,-14620.0
Ni-Sn,0.6528,-15490.0
Ni-Sn,0.6326,-16290.0
Ni-Sn,0.6131,-17050.0
Ni-Sn,0.9369,-2890.0
Ni-Sn,0.8794,-5380.0
Ni-Sn,0.8275,-7570.0
Ni-Sn,0.7789,-9580.0
Ni-Sn,0.7342,-11530.0
Ni-Sn,0.6926,-13220.0
Ni-Sn,0.6508,-14950.0
Ni-Sn,0.6151,-16170.0
Ni-Sn,0.5824,-17260.0
Ni-Sn,0.552,-17920.0
Ni-Sn,0.5236,-18620.0
Ni-Sn,0.497,-19280.0
Ni-Sn,0.4719,-19720.0
Ni-Sn,0.4486,-20020.0
Ni-Sn,0.4269,-20230.0
Ni-Sn,0.4068,-20260.0
Ni-Sn,0.3881,-20180.0
Ni-Sn,0.0278,-2250.0
Ni-Sn,0.0546,-4150.0
Ni-Sn,0.0805,-5980.0
Ni-Sn,0.1055,-7670.0
Ni-Sn,0.1298,-9190.0
Ni-Sn,0.1533,-10530.0
Ni-Sn,0.1761,-11600.0
Ni-Sn,0.1981,-12500.0
Ni-Sn,0.2195,-13290.0
Ni-Sn,0.2403,-13970.0
Ni-Sn,0.2603,-14420.0
Ag-Pd,0.1452,-3781.0
Ag-Pd,0.2053,-4840.0
Ag-Pd,0.304,-5481.0
Ag-Pd,0.3849,-5343.0
Ag-Pd,0.4505,-5036.0
Ag-Pd,0.5057,-4605.0
Ag-Pd,0.5515,-4308.0
Ag-Pd,0.0766,-2296.0
Ag-Pd,0.1469,-3877.0
Ag-Pd,0.2072,-4928.0
Ag-Pd,0.262,-5553.0
Ag-Pd,0.3112,-5624.0
Ag-Pd,0.3564,-5407.0
Ag-Pd,0.3984,-5459.0
Ag-Pd,0.4365,-5285.0
Ag-Pd,0.4713,-5125.0
Ag-Pd,0.5026,-4896.0
Ag-Pd,0.0649,-1581.0
Ag-Pd,0.1218,-3050.0
Ag-Pd,0.175,-3793.0
Ag-Pd,0.2251,-4692.0
Ag-Pd,0.2714,-5238.0
Ag-Pd,0.3131,-5537.0
Ag-Pd,0.3521,-5315.0
Ag-Pd,0.3885,-5304.0
Ag-Pd,0.422,-5186.0
Ag-Pd,0.4535,-5028.0
Ag-Pd,0.4776,-4793.0
Ag-Pd,0.1,-2778.0
Ag-Pd,0.2,-4602.0
Ag-Pd,0.3,-5510.0
Ag-Pd,0.4,-5648.0
Ag-Pd,0.5,-5021.0
Ag-Pd,0.6,-4477.0
Ag-Pd,0.7,-3264.0
Ag-Pd,0.8,-2008.0
Ag-Pd,0.9,-1046.0
Au-Pb,0.9554,-240.0
Au-Pb,0.9535,-181.0
Au-Pb,0.9274,-383.0
Au-Pb,0.9136,-464.0
Au-Pb,0.9078,-345.0
Au-Pb,0.8728,-631.0
Au-Pb,0.8642,-531.0
Au-Pb,0.8632,-643.0
Au-Pb,0.8347,-729.0
Au-Pb,0.8232,-665.0
Au-Pb,0.8062,-789.0
Au-Pb,0.7997,-847.0
Au-Pb,0.7852,-782.0
Au-Pb,0.7667,-876.0
Au-Pb,0.7518,-885.0
Au-Pb,0.7494,-854.0
Au-Pb,0.7348,-952.0
Au-Pb,0.7159,-920.0
Au-Pb,0.7038,-1005.0
Au-Pb,0.7034,-955.0
Au-Pb,0.6839,-929.0
Au-Pb,0.6774,-1019.0
Au-Pb,0.6564,-985.0
Au-Pb,0.6545,-969.0
Au-Pb,0.6267,-985.0
Au-Pb,0.6138,-1002.0
Au-Pb,0.598,-1007.0
Au-Pb,0.5752,-1007.0
Au-Pb,0.5706,-1039.0
Au-Pb,0.5584,-1040.0
Bi-Cu,0.0749,1409.0
Bi-Cu,0.1417,2445.0
Bi-Cu,0.2051,3194.0
Bi-Cu,0.2648,3713.0
Bi-Cu,0.3165,4072.0
Bi-Cu,0.3622,4262.0
Bi-Cu,0.4032,4342.0
Bi-Cu,0.0427,813.0
Bi-Cu,0.0819,1496.0
Bi-Cu,0.1184,2061.0
Bi-Cu,0.1524,2522.0
Bi-Cu,0.1852,2917.0
Bi-Cu,0.216,3227.0
Bi-Cu,0.2446,3491.0
Bi-Cu,0.2722,3730.0
Bi-Cu,0.2982,3920.0
Bi-Cu,0.3228,4076.0
Bi-Cu,0.3461,4189.0
Bi-Cu,0.3683,4284.0
Bi-Cu,0.3893,4351.0
Bi-Cu,0.1194,2074.0
Bi-Cu,0.2184,3515.0
Bi-Cu,0.2984,4345.0
Bi-Cu,0.3648,4796.0
Bi-Cu,0.4198,5052.0
Bi-Cu,0.47,5151.0
Bi-Cu,0.5122,5174.0
Bi-Cu,0.5486,5123.0
Bi-Cu,0.5801,5036.0
Bi-Cu,0.6078,4949.0
Bi-Cu,0.632,4841.0
Bi-Cu,0.6535,4719.0
Bi-Cu,0.673,4594.0
Bi-Cu,0.6904,4463.0
Bi-Cu,0.7077,4337.0
Bi-Cu,0.724,4216.0
Bi-Cu,0.7393,4120.0
Bi-Cu,0.7532,3999.0
Bi-Cu,0.7659,3865.0
Bi-Cu,0.7773,3754.0
Bi-Cu,0.7884,3655.0
Bi-Cu,0.7985,3596.0
Bi-Cu,0.8078,3463.0
Bi-Cu,0.8164,3354.0
Bi-Cu,0.8244,3249.0
Ga-Zn,0.0966,523.0
Ga-Zn,0.1679,858.0
Ga-Zn,0.237,1136.0
Ga-Zn,0.2796,1273.0
Ga-Zn,0.3239,1410.0
Ga-Zn,0.3664,1495.0
Ga-Zn,0.4104,1576.0
Ga-Zn,0.4432,1612.0
Ga-Zn,0.4747,1646.0
Ga-Zn,0.5057,1680.0
Ga-Zn,0.5368,1689.0
Ga-Zn,0.562,1700.0
Ga-Zn,0.948,427.0
Ga-Zn,0.9004,762.0
Ga-Zn,0.8495,1071.0
Ga-Zn,0.8068,1275.0
Ga-Zn,0.132,672.0
Ga-Zn,0.2478,1066.0
Ga-Zn,0.3424,1351.0
Ga-Zn,0.4155,1510.0
Ga-Zn,0.4746,1580.0
Ga-Zn,0.5202,1579.0
Ga-Zn,0.5565,1583.0
Ga-Zn,0.5901,1585.0
Ga-Zn,0.6188,1570.0
Ga-Zn,0.6444,1549.0
Ga-Zn,0.6659,1520.0
Ga-Zn,0.6846,1493.0
Ga-Zn,0.761,1363.0
Ga-Zn,0.0774,385.0
Ga-Zn,0.1593,763.0
Ga-Zn,0.2736,1187.0
Ga-Zn,0.3262,1317.0
Ga-Zn,0.3711,1449.0
Ga-Zn,0.4101,1511.0
Ga-Zn,0.4434,1608.0
Ga-Zn,0.4743,1652.0
Ga-Zn,0.4982,1687.0
Ga-Zn,0.1307,625.0
Ga-Zn,0.2353,1055.0
Ga-Zn,0.3154,1311.0
Ga-Zn,0.3774,1474.0
Ga-Zn,0.4408,1589.0
Ga-Zn,0.4896,1664.0
Au-Yb,0.05,-8900.0
Au-Yb,0.1,-16900.0
Au-Yb,0.15,-24100.0
Au-Yb,0.2,-30500.0
Au-Yb,0.25,-36300.0
Au-Yb,0.3,-41300.0
Au-Yb,0.35,-45500.0
Au-Yb,0.4,-48700.0
Au-Yb,0.45,-50500.0
Cu-Li,0.9994,32.0
Cu-Li,0.9987,47.0
Cu-Li,0.998,67.0
Cu-Li,0.9973,91.0
Cu-Li,0.9966,105.0
Cu-Li,0.9959,126.0
Cu-Li,0.9952,145.0
Cu-Li,0.9944,173.0
Cu-Li,0.9937,198.0
Cu-Li,0.9929,220.0
Cu-Li,0.9921,241.0
Cu-Li,0.9913,267.0
Cu-Li,0.9905,286.0
Cu-Li,0.9896,309.0
Cu-Li,0.9888,327.0
Cu-Li,0.9879,349.0
Cu-Li,0.987,368.0
Cu-Li,0.9862,394.0
Cu-Li,0.9853,411.0
Cu-Li,0.9843,439.0
Cu-Li,0.9834,458.0
Cu-Li,0.9825,481.0
Cu-Li,0.9815,502.0
Cu-Li,0.9805,528.0
Cu-Li,0.9796,559.0
Yb-Pb,0.99,-1100.0
Yb-Pb,0.982,-2100.0
Yb-Pb,0.975,-2700.0
Yb-Pb,0.972,-3200.0
Yb-Pb,0.963,-4000.0
Yb-Pb,0.951,-5400.0
Yb-Pb,0.975,-2400.0
Yb-Pb,0.958,-4400.0
Yb-Pb,0.946,-5500.0
Yb-Pb,0.929,-7100.0
Yb-Pb,0.914,-8600.0
Yb-Pb,0.9,-10000.0
Yb-Pb,0.884,-11400.0
Yb-Pb,0.872,-12700.0
Yb-Pb,0.86,-14000.0
Yb-Pb,0.85,-15200.0
Yb-Pb,0.837,-16300.0
Yb-Pb,0.827,-17300.0
Yb-Pb,0.815,-18300.0
Yb-Pb,0.8,-20200.0
Yb-Pb,0.02,-4400.0
Yb-Pb,0.04,-8100.0
Yb-Pb,0.06,-11500.0
Yb-Pb,0.08,-15000.0
Yb-Pb,0.1,-18700.0
Co-Sn,0.022,-516.0
Co-Sn,0.0758,-1627.0
Co-Sn,0.102,-1878.0
Co-Sn,0.1278,-2037.0
Co-Sn,0.178,-2174.0
Co-Sn,0.2236,-2256.0
Co-Sn,0.3546,-2189.0
Co-Sn,0.4018,-2154.0
Co-Sn,0.9932,-18.0
Co-Sn,0.9777,-46.0
Co-Sn,0.9615,-92.0
Co-Sn,0.9463,-121.0
Co-Sn,0.9212,-189.0
Co-Sn,0.8951,-271.0
Co-Sn,0.8641,-375.0
Co-Sn,0.8329,-459.0
Co-Sn,0.8034,-552.0
Co-Sn,0.7734,-615.0
Co-Sn,0.7449,-733.0
Co-Sn,0.7172,-861.0
Co-Sn,0.6907,-944.0
Co-Sn,0.6639,-963.0
Co-Sn,0.6376,-1068.0
Co-Sn,0.6121,-1144.0
Co-Sn,0.5882,-1162.0
Co-Sn,0.563,-1215.0
Co-Sn,0.5375,-1313.0
Co-Sn,0.9582,-112.0
Co-Sn,0.9185,-240.0
Co-Sn,0.8479,-395.0
Co-Sn,0.8159,-488.0
Co-Sn,0.7848,-585.0
Co-Sn,0.7551,-682.0
Co-Sn,0.7275,-759.0
Co-Sn,0.7001,-858.0
Co-Sn,0.674,-866.0
Co-Sn,0.6496,-910.0
Co-Sn,0.6258,-1015.0
Co-Sn,0.601,-1024.0
Co-Sn,0.5776,-1109.0
Co-Sn,0.5545,-1113.0
Co-Sn,0.5323,-1148.0
Co-Sn,0.5107,-1251.0
Co-Sn,0.4901,-1260.0
Co-Sn,0.4694,-1290.0
Co-Sn,0.9933,-33.0
Co-Sn,0.9852,-78.0
Co-Sn,0.9744,-130.0
Co-Sn,0.9634,-177.0
Co-Sn,0.9503,-234.0
Co-Sn,0.9361,-293.0
Co-Sn,0.9221,-357.0
Co-Sn,0.9079,-416.0
Co-Sn,0.8933,-481.0
Co-Sn,0.8757,-555.0
Co-Sn,0.8585,-632.0
Co-Sn,0.8401,-706.0
Co-Sn,0.8218,-772.0
Co-Sn,0.8011,-837.0
Co-Sn,0.781,-916.0
Co-Sn,0.7614,-995.0
Co-Sn,0.7411,-1076.0
Co-Sn,0.7216,-1150.0
Co-Sn,0.7004,-1237.0
Co-Sn,0.0542,-303.0
Co-Sn,0.1202,-669.0
Co-Sn,0.1991,-1074.0
Co-Sn,0.2694,-1374.0
Co-Sn,0.3281,-1653.0
Co-Sn,0.3801,-1841.0
Co-Sn,0.4307,-2042.0
Co-Sn,0.4773,-2174.0
Co-Sn,0.5633,-2732.0
Co-Sn,0.5983,-2703.0
Co-Sn,0.63,-2827.0
Co-Sn,0.6621,-2768.0
Co-Sn,0.6906,-2745.0
Co-Sn,0.7163,-2616.0
Co-Sn,0.7387,-2504.0
Co-Sn,0.7611,-2396.0
Co-Sn,0.7819,-2316.0
Co-Sn,0.8019,-2163.0
Co-Sn,0.0059,-33.0
Co-Sn,0.014,-78.0
Co-Sn,0.0223,-135.0
Co-Sn,0.0303,-182.0
Co-Sn,0.0398,-236.0
Co-Sn,0.0495,-282.0
Co-Sn,0.0595,-335.0
Co-Sn,0.083,-441.0
Co-Sn,0.1104,-576.0
Co-Sn,0.1405,-726.0
Co-Sn,0.1706,-864.0
Co-Sn,0.2035,-993.0
Co-Sn,0.2387,-1151.0
Co-Sn,0.2726,-1288.0
Co-Sn,0.3084,-1428.0
Co-Sn,0.3472,-1582.0
Co-Sn,0.3822,-1676.0
Co-Sn,0.4189,-1802.0
Co-Sn,0.9949,-15.0
Co-Sn,0.9895,-30.0
Co-Sn,0.9841,-39.0
Co-Sn,0.9787,-55.0
Co-Sn,0.9733,-67.0
Co-Sn,0.9679,-74.0
Co-Sn,0.9625,-78.0
Co-Sn,0.9569,-85.0
Co-Sn,0.9514,-91.0
Co-Sn,0.9459,-98.0
Co-Sn,0.9403,-99.0
Co-Sn,0.9347,-103.0
Co-Sn,0.929,-115.0
Co-Sn,0.9232,-125.0
Co-Sn,0.9173,-130.0
Co-Sn,0.9112,-137.0
Co-Sn,0.905,-144.0
Co-Sn,0.9969,-18.0
Co-Sn,0.9933,-34.0
Co-Sn,0.9895,-54.0
Co-Sn,0.9854,-74.0
Co-Sn,0.981,-97.0
Co-Sn,0.9759,-120.0
Co-Sn,0.9702,-145.0
Co-Sn,0.9645,-170.0
Co-Sn,0.9587,-196.0
Co-Sn,0.953,-223.0
Co-Sn,0.9468,-258.0
Co-Sn,0.9405,-290.0
Co-Sn,0.9328,-332.0
Co-Sn,0.9243,-368.0
Co-Sn,0.9155,-403.0
Co-Sn,0.9929,-50.0
Co-Sn,0.9859,-99.0
Co-Sn,0.9779,-155.0
Co-Sn,0.97,-211.0
Co-Sn,0.9617,-273.0
Co-Sn,0.9522,-338.0
Co-Sn,0.9427,-410.0
Co-Sn,0.9334,-484.0
Co-Sn,0.9929,-43.0
Co-Sn,0.9846,-93.0
Co-Sn,0.9759,-146.0
Co-Sn,0.9671,-207.0
Co-Sn,0.9584,-257.0
Co-Sn,0.9498,-311.0
Co-Sn,0.941,-372.0
Co-Sn,0.932,-451.0
Co-Sn,0.9929,-63.0
Co-Sn,0.9846,-141.0
Co-Sn,0.9759,-228.0
Co-Sn,0.9671,-315.0
Co-Sn,0.9584,-392.0
Co-Sn,0.9498,-471.0
Co-Sn,0.941,-559.0
Co-Sn,0.932,-634.0
Co-Sn,0.9927,-65.0
Co-Sn,0.9853,-136.0
Co-Sn,0.9773,-210.0
Co-Sn,0.9683,-299.0
Co-Sn,0.9594,-372.0
Co-Sn,0.9506,-460.0
Co-Sn,0.9418,-543.0
Co-Sn,0.933,-632.0
Co-Sn,0.9971,-31.0
Co-Sn,0.994,-65.0
Co-Sn,0.9908,-97.0
Co-Sn,0.9876,-129.0
Co-Sn,0.9844,-159.0
Co-Sn,0.981,-196.0
Co-Sn,0.9775,-231.0
Co-Sn,0.974,-263.0
Co-Sn,0.9705,-303.0
Co-Sn,0.967,-341.0
Co-Sn,0.9635,-379.0
Co-Sn,0.9598,-417.0
Co-Sn,0.9968,-50.0
Co-Sn,0.9935,-98.0
Co-Sn,0.9902,-147.0
Co-Sn,0.9869,-193.0
Co-Sn,0.9836,-242.0
Co-Sn,0.9802,-289.0
Co-Sn,0.9768,-339.0
Co-Sn,0.9733,-389.0
Co-Sn,0.9698,-441.0
Co-Sn,0.9662,-493.0
Co-Sn,0.9627,-546.0
Co-Sn,0.959,-597.0
Co-Sn,0.9554,-649.0
Co-Sn,0.9518,-701.0
Co-Sn,0.9481,-754.0
Co-Sn,0.9443,-808.0
Co-Sn,0.9406,-860.0
Co-Sn,0.9369,-912.0
Co-Sn,0.9331,-968.0
Co-Sn,0.9292,-1023.0
Co-Sn,0.9968,-51.0
Co-Sn,0.9935,-101.0
Co-Sn,0.9902,-151.0
Co-Sn,0.9868,-202.0
Co-Sn,0.9834,-252.0
Co-Sn,0.98,-303.0
Co-Sn,0.9765,-357.0
Co-Sn,0.973,-410.0
Co-Sn,0.9694,-466.0
Co-Sn,0.9657,-522.0
Co-Sn,0.962,-575.0
Co-Sn,0.9583,-632.0
Co-Sn,0.9546,-687.0
Co-Sn,0.9508,-742.0
Co-Sn,0.9471,-797.0
Co-Sn,0.9433,-851.0
Co-Sn,0.9395,-906.0
Co-Sn,0.9356,-966.0
Co-Sn,0.9317,-1022.0
Co-Sn,0.9969,-61.0
Co-Sn,0.9938,-120.0
Co-Sn,0.9906,-182.0
Co-Sn,0.9873,-246.0
Co-Sn,0.984,-309.0
Co-Sn,0.9806,-372.0
Co-Sn,0.9773,-436.0
Co-Sn,0.9739,-502.0
Co-Sn,0.9705,-565.0
Co-Sn,0.9668,-636.0
Co-Sn,0.963,-707.0
Co-Sn,0.9592,-778.0
Co-Sn,0.9553,-851.0
Co-Sn,0.9514,-925.0
Co-Sn,0.9475,-997.0
Co-Sn,0.9436,-1071.0
Co-Sn,0.9396,-1144.0
Co-Sn,0.9356,-1218.0
Co-Sn,0.9969,-60.0
Co-Sn,0.9937,-120.0
Co-Sn,0.9904,-183.0
Co-Sn,0.9871,-246.0
Co-Sn,0.9838,-309.0
Co-Sn,0.9804,-371.0
Co-Sn,0.9769,-437.0
Co-Sn,0.9733,-503.0
Co-Sn,0.9697,-571.0
Co-Sn,0.9662,-639.0
Co-Sn,0.9625,-708.0
Co-Sn,0.9589,-774.0
Co-Sn,0.9553,-842.0
Co-Sn,0.9517,-913.0
Co-Sn,0.948,-981.0
Co-Sn,0.9443,-1052.0
Co-Sn,0.9405,-1123.0
Co-Sn,0.9367,-1194.0
Co-Sn,0.9329,-1265.0
Co-Sn,0.9291,-1333.0
Co-Sn,0.9978,-52.0
Co-Sn,0.9957,-104.0
Co-Sn,0.9934,-159.0
Co-Sn,0.9912,-215.0
Co-Sn,0.9889,-268.0
Co-Sn,0.9867,-320.0
Co-Sn,0.9844,-375.0
Co-Sn,0.9822,-428.0
Co-Sn,0.9799,-481.0
Co-Sn,0.9776,-535.0
Co-Sn,0.9754,-587.0
Co-Sn,0.9731,-641.0
Co-Sn,0.9709,-695.0
Co-Sn,0.9687,-748.0
Co-Sn,0.9664,-801.0
Co-Sn,0.9642,-855.0
Co-Sn,0.9619,-908.0
Co-Sn,0.9597,-962.0
Co-Sn,0.9574,-1014.0
Co-Sn,0.9552,-1067.0
Co-Sn,0.9979,-50.0
Co-Sn,0.9958,-101.0
Co-Sn,0.9937,-153.0
Co-Sn,0.9916,-205.0
Co-Sn,0.9894,-256.0
Co-Sn,0.9873,-308.0
Co-Sn,0.9851,-360.0
Co-Sn,0.9829,-413.0
Co-Sn,0.9807,-466.0
Co-Sn,0.9784,-519.0
Co-Sn,0.9762,-572.0
Co-Sn,0.9739,-626.0
Co-Sn,0.9717,-679.0
Co-Sn,0.9695,-732.0
Co-Sn,0.9672,-786.0
Co-Sn,0.9649,-840.0
Co-Sn,0.9627,-894.0
Co-Sn,0.9604,-947.0
Co-Sn,0.9581,-1001.0
Co-Sn,0.9558,-1056.0
Co-Sn,0.9982,-54.0
Co-Sn,0.9963,-109.0
Co-Sn,0.9944,-166.0
Co-Sn,0.9924,-222.0
Co-Sn,0.9885,-342.0
Co-Sn,0.9865,-400.0
Co-Sn,0.9845,-460.0
Co-Sn,0.9825,-519.0
Co-Sn,0.9804,-578.0
Co-Sn,0.9784,-637.0
Co-Sn,0.9743,-754.0
Co-Sn,0.9722,-815.0
Co-Sn,0.9702,-875.0
Co-Sn,0.9681,-932.0
Co-Sn,0.9639,-1051.0
Co-Sn,0.9618,-1111.0
Co-Sn,0.9596,-1172.0
Co-Sn,0.9984,-47.0
Co-Sn,0.9967,-97.0
Co-Sn,0.9949,-147.0
Co-Sn,0.9932,-198.0
Co-Sn,0.9915,-248.0
Co-Sn,0.9898,-298.0
Co-Sn,0.988,-349.0
Co-Sn,0.9863,-400.0
Co-Sn,0.9844,-454.0
Co-Sn,0.9825,-509.0
Co-Sn,0.9806,-564.0
Co-Sn,0.9786,-621.0
Co-Sn,0.9766,-678.0
Co-Sn,0.9746,-736.0
Co-Sn,0.9726,-794.0
Co-Sn,0.9706,-853.0
Co-Sn,0.9685,-915.0
Co-Sn,0.9663,-977.0
Co-Sn,0.9983,-49.0
Co-Sn,0.9965,-102.0
Co-Sn,0.9953,-137.0
Co-Sn,0.9933,-195.0
Co-Sn,0.9919,-235.0
Co-Sn,0.9894,-308.0
Co-Sn,0.9869,-374.0
Co-Sn,0.9847,-436.0
Co-Sn,0.9828,-487.0
Co-Sn,0.9995,-14.0
Co-Sn,0.9988,-36.0
Co-Sn,0.9977,-68.0
Co-Sn,0.9965,-104.0
Co-Sn,0.9952,-140.0
Co-Sn,0.9939,-180.0
Co-Sn,0.9923,-225.0
Co-Sn,0.9907,-272.0
Co-Sn,0.9889,-322.0
Co-Sn,0.9871,-370.0
Co-Sn,0.9852,-424.0
Co-Sn,0.9832,-477.0
Co-Sn,0.9981,-51.0
Co-Sn,0.9962,-98.0
Co-Sn,0.9943,-152.0
Co-Sn,0.9921,-210.0
Co-Sn,0.9898,-270.0
Co-Sn,0.9875,-331.0
Co-Sn,0.9852,-394.0
Co-Sn,0.9828,-457.0
Co-Sn,0.9805,-516.0
Co-Sn,0.9781,-579.0
Co-Sn,0.9757,-639.0
Co-Sn,0.9733,-700.0
Co-Sn,0.9708,-758.0
Co-Sn,0.9683,-818.0
Co-Sn,0.9654,-887.0
Co-Sn,0.998,-56.0
Co-Sn,0.9959,-107.0
Co-Sn,0.9938,-165.0
Co-Sn,0.9916,-224.0
Co-Sn,0.9895,-280.0
Co-Sn,0.9873,-336.0
Co-Sn,0.9851,-393.0
Co-Sn,0.9827,-453.0
Co-Sn,0.9802,-516.0
Co-Sn,0.9777,-575.0
Co-Sn,0.9752,-632.0
Co-Sn,0.9727,-693.0
Co-Sn,0.9702,-752.0
Co-Sn,0.9676,-812.0
Co-Sn,0.9649,-875.0
Co-Sn,0.999,-28.0
Co-Sn,0.9979,-58.0
Co-Sn,0.9964,-100.0
Co-Sn,0.9945,-152.0
Co-Sn,0.9924,-209.0
Co-Sn,0.9894,-292.0
Co-Sn,0.9864,-368.0
Co-Sn,0.9834,-446.0
Co-Sn,0.9803,-526.0
Co-Sn,0.9768,-617.0
Co-Sn,0.9733,-704.0
Co-Sn,0.9695,-803.0
Co-Sn,0.9657,-896.0
Co-Sn,0.9616,-995.0
Co-Sn,0.9567,-1116.0
Co-Sn,0.9981,-49.0
Co-Sn,0.9961,-102.0
Co-Sn,0.9941,-151.0
Co-Sn,0.992,-202.0
Co-Sn,0.9899,-254.0
Co-Sn,0.9878,-305.0
Co-Sn,0.9854,-362.0
Co-Sn,0.9831,-416.0
Co-Sn,0.9807,-471.0
Co-Sn,0.9783,-530.0
Co-Sn,0.9756,-593.0
Co-Sn,0.9972,-75.0
Co-Sn,0.9942,-151.0
Co-Sn,0.9912,-225.0
Co-Sn,0.9882,-296.0
Co-Sn,0.9852,-366.0
Co-Sn,0.9821,-440.0
Co-Sn,0.9789,-515.0
Co-Sn,0.9723,-676.0
Co-Sn,0.9691,-756.0
Co-Sn,0.9657,-838.0
Co-Sn,0.9622,-919.0
Co-Sn,0.9587,-1006.0
Co-Sn,0.955,-1096.0
Co-Sn,0.9511,-1187.0
Co-Sn,0.9474,-1272.0
Co-Sn,0.9435,-1367.0
Co-Sn,0.9396,-1460.0
Co-Sn,0.9357,-1551.0
Co-Sn,0.9983,-46.0
Co-Sn,0.9966,-92.0
Co-Sn,0.9945,-147.0
Co-Sn,0.9924,-201.0
Co-Sn,0.9902,-257.0
Co-Sn,0.9879,-310.0
Co-Sn,0.9856,-367.0
Co-Sn,0.9834,-423.0
Co-Sn,0.9809,-487.0
Co-Sn,0.9785,-543.0
Co-Sn,0.9759,-604.0
Co-Sn,0.9734,-663.0
Co-Sn,0.9708,-725.0
Co-Sn,0.9682,-789.0
Co-Sn,0.9655,-852.0
Co-Sn,0.9629,-914.0
Co-Sn,0.9991,-26.0
Co-Sn,0.998,-54.0
Co-Sn,0.997,-82.0
Co-Sn,0.9956,-117.0
Co-Sn,0.9944,-147.0
Co-Sn,0.9932,-177.0
Co-Sn,0.9919,-210.0
Co-Sn,0.9905,-244.0
Co-Sn,0.9893,-274.0
Co-Sn,0.9877,-311.0
Co-Sn,0.9856,-360.0
Co-Sn,0.9836,-408.0
Co-Sn,0.9815,-456.0
Co-Sn,0.9793,-508.0
Co-Sn,0.9981,-47.0
Co-Sn,0.9962,-94.0
Co-Sn,0.9942,-143.0
Co-Sn,0.9921,-193.0
Co-Sn,0.9899,-244.0
Co-Sn,0.9878,-297.0
Co-Sn,0.9856,-348.0
Co-Sn,0.9834,-399.0
Co-Sn,0.9812,-452.0
Co-Sn,0.979,-504.0
Co-Sn,0.9768,-558.0
Co-Sn,0.9746,-611.0
Co-Sn,0.9724,-664.0
Co-Sn,0.9702,-717.0
Co-Sn,0.968,-771.0
Co-Sn,0.9658,-824.0
Co-Sn,0.9635,-878.0
Co-Sn,0.9612,-933.0
Co-Sn,0.959,-986.0
Co-Sn,0.9567,-1024.0
Co-Sn,0.9544,-1097.0
Co-Sn,0.9521,-1151.0
Co-Sn,0.9498,-1205.0
Co-Sn,0.9475,-1260.0
Co-Sn,0.9451,-1315.0
Co-Sn,0.9993,-16.0
Co-Sn,0.9986,-33.0
Co-Sn,0.9979,-51.0
Co-Sn,0.9971,-70.0
Co-Sn,0.9963,-90.0
Co-Sn,0.9953,-113.0
Co-Sn,0.9944,-136.0
Co-Sn,0.9934,-158.0
Co-Sn,0.9919,-194.0
Co-Sn,0.9903,-236.0
Co-Sn,0.9883,-285.0
Co-Sn,0.9861,-340.0
Co-Sn,0.9838,-394.0
Co-Sn,0.9816,-450.0
Co-Sn,0.9996,-10.0
Co-Sn,0.9992,-20.0
Co-Sn,0.9988,-31.0
Co-Sn,0.9983,-43.0
Co-Sn,0.9977,-58.0
Co-Sn,0.9969,-76.0
Co-Sn,0.9961,-96.0
Co-Sn,0.9951,-123.0
Co-Sn,0.994,-150.0
Co-Sn,0.9929,-177.0
Co-Sn,0.9918,-205.0
Co-Sn,0.9906,-233.0
Co-Sn,0.9894,-263.0
Co-Sn,0.9881,-295.0
Co-Sn,0.9867,-327.0
Ca-Pb,0.98,-2000.0
Ca-Pb,0.956,-4300.0
Ca-Pb,0.935,-6500.0
Ca-Pb,0.917,-8200.0
Ca-Pb,0.894,-10400.0
Ca-Pb,0.878,-12000.0
Ca-Pb,0.86,-13600.0
Ca-Pb,0.844,-15200.0
Ca-Pb,0.818,-17600.0
Ca-Pb,0.793,-19900.0
Ca-Pb,0.773,-21800.0
Ca-Pb,0.754,-23500.0
Ca-Pb,0.707,-27800.0
Ca-Pb,0.019,-3700.0
Ca-Pb,0.038,-7300.0
Ca-Pb,0.063,-11400.0
Ca-Pb,0.088,-15600.0
Ca-Pb,0.113,-19700.0
Ca-Pb,0.14,-24900.0
Ba-Pb,0.083,-13100.0
Ba-Pb,0.141,-22500.0
Ba-Pb,0.191,-31000.0
Ba-Pb,0.234,-39400.0
Ba-Pb,0.28,-47200.0
Ba-Pb,0.056,-10800.0
Ba-Pb,0.108,-20600.0
Ba-Pb,0.156,-27800.0
Ba-Pb,0.202,-34800.0
Ba-Pb,0.243,-42100.0
Ba-Pb,0.971,-5600.0
Ba-Pb,0.938,-11700.0
Ba-Pb,0.908,-17300.0
Ba-Pb,0.877,-23000.0
Ba-Pb,0.849,-27800.0
Ba-Pb,0.818,-33000.0
Ba-Pb,0.789,-38100.0
Ba-Pb,0.758,-42800.0
Ba-Pb,0.725,-47500.0
Ba-Pb,0.693,-50900.0
Ba-Pb,0.967,-5900.0
Ba-Pb,0.923,-13500.0
Ba-Pb,0.88,-21100.0
Ba-Pb,0.84,-27800.0
Ba-Pb,0.797,-34700.0
Ba-Pb,0.753,-40900.0
Ba-Pb,0.712,-46300.0
Ba-Pb,0.662,-52000.0
Ba-Pb,0.617,-58800.0
Au-In,0.9616,-1663.0
Au-In,0.9451,-2407.0
Au-In,0.9178,-3502.0
Au-In,0.8872,-4865.0
Au-In,0.8725,-5448.0
Au-In,0.8317,-7158.0
Au-In,0.8283,-7230.0
Au-In,0.7815,-9082.0
Au-In,0.776,-9355.0
Au-In,0.7342,-10906.0
Au-In,0.7249,-11233.0
Au-In,0.6917,-12412.0
Au-In,0.6755,-12951.0
Au-In,0.6494,-13783.0
Au-In,0.6311,-14278.0
Au-In,0.612,-14835.0
Au-In,0.5896,-15358.0
Au-In,0.5717,-15798.0
Au-In,0.5466,-16200.0
Au-In,0.5405,-16367.0
Au-In,0.5092,-16759.0
Au-In,0.5053,-16871.0
Au-In,0.4724,-17187.0
Au-In,0.4709,-17108.0
Au-In,0.4369,-17279.0
In-Sb,0.0419,-408.0
In-Sb,0.0508,-605.0
In-Sb,0.06,-671.0
In-Sb,0.0605,-703.0
In-Sb,0.0919,-960.0
In-Sb,0.1028,-1197.0
In-Sb,0.1043,-1084.0
In-Sb,0.1224,-1366.0
In-Sb,0.1296,-1457.0
In-Sb,0.1431,-1527.0
In-Sb,0.155,-1729.0
In-Sb,0.1692,-1804.0
In-Sb,0.1842,-1978.0
In-Sb,0.1924,-2072.0
In-Sb,0.1953,-2081.0
In-Sb,0.2142,-2285.0
In-Sb,0.2308,-2373.0
In-Sb,0.2406,-2446.0
In-Sb,0.2417,-2450.0
In-Sb,0.257,-2566.0
In-Sb,0.2701,-2674.0
In-Sb,0.2868,-2730.0
In-Sb,0.2926,-2812.0
In-Sb,0.2939,-2814.0
In-Sb,0.3141,-2936.0
In-Sb,0.3321,-2929.0
In-Sb,0.3333,-3008.0
In-Sb,0.3446,-3007.0
In-Sb,0.3671,-3094.0
In-Sb,0.3961,-3126.0
In-Sb,0.4138,-3074.0
In-Sb,0.418,-3157.0
In-Sb,0.4388,-3158.0
In-Sb,0.4419,-3125.0
In-Sb,0.4657,-3139.0
In-Sb,0.4832,-3066.0
In-Sb,0.4894,-3021.0
In-Sb,0.5083,-3056.0
In-Sb,0.522,-2979.0
In-Sb,0.5565,-2922.0
In-Sb,0.558,-2877.0
In-Sb,0.5912,-2827.0
In-Sb,0.6165,-2713.0
In-Sb,0.6383,-2591.0
In-Sb,0.6572,-2498.0
In-Sb,0.6746,-2412.0
In-Sb,0.6895,-2295.0
In-Sb,0.7027,-2231.0
In-Sb,0.7149,-2151.0
In-Sb,0.7271,-2082.0
Al-Ni,0.98,-3090.0
Al-Ni,0.96,-6190.0
Al-Ni,0.94,-9290.0
Al-Ni,0.92,-12390.0
Al-Ni,0.9,-15470.0
Al-Ni,0.88,-18530.0
Al-Ni,0.86,-21560.0
Al-Ni,0.84,-24560.0
Al-Ni,0.82,-27490.0
Al-Ni,0.8,-30370.0
Al-Ni,0.78,-33190.0
Ga-Rh,0.057,-9870.0
Ga-Rh,0.1082,-15610.0
Ga-Rh,0.1561,-24800.0
Ga-Rh,0.0605,-10080.0
Ga-Rh,0.1298,-22530.0
Ga-Rh,0.1933,-33880.0
Ga-Rh,0.0762,-12270.0
Ga-Rh,0.1495,-24310.0
Ga-Rh,0.2177,-36230.0
Ga-Rh,0.276,-39700.0
Ga-Rh,0.0432,-7360.0
Ga-Rh,0.0891,-14860.0
Ga-Rh,0.1329,-22480.0
Ga-Rh,0.1752,-29860.0
Ga-Rh,0.2156,-36750.0
Ga-Rh,0.2542,-43190.0
Ga-Rh,0.2916,-44880.0
Ga-Rh,0.0439,-6870.0
Ga-Rh,0.0852,-14100.0
Ga-Rh,0.1258,-21060.0
Ga-Rh,0.1631,-27470.0
Ga-Rh,0.2002,-33460.0
Ga-Rh,0.2354,-39090.0
Ga-Rh,0.0768,-12740.0
Ga-Rh,0.1508,-25940.0
Ga-Rh,0.2177,-38160.0
Ga-Rh,0.2792,-48510.0
Ga-Rh,0.3366,-51960.0
Ga-Rh,0.077,-12340.0
Ga-Rh,0.1534,-25880.0
Ga-Rh,0.2242,-38030.0
Ga-Rh,0.2887,-48660.0
Ga-Rh,0.3463,-51530.0
Ga-Rh,0.0498,-8510.0
Ga-Rh,0.1129,-19480.0
Ga-Rh,0.1808,-32300.0
Ga-Rh,0.2413,-43080.0
Ga-Rh,0.2964,-52350.0
Ga-Rh,0.3449,-55140.0
Ga-Rh,0.0895,-15320.0
Ga-Rh,0.1645,-28070.0
Ga-Rh,0.2289,-39240.0
Ga-Rh,0.2871,-48940.0
Ga-Rh,0.3379,-54800.0
Ga-Rh,0.0378,-6690.0
Ga-Rh,0.074,-12990.0
Ga-Rh,0.1186,-20770.0
Ga-Rh,0.1622,-28150.0
Ga-Rh,0.2107,-36230.0
Ga-Rh,0.2542,-43660.0
Ga-Rh,0.2942,-50360.0
Ga-Rh,0.3318,-54750.0
Pd-Sn,0.989,-1260.0
Pd-Sn,0.977,-2680.0
Pd-Sn,0.964,-4210.0
Pd-Sn,0.951,-5750.0
Pd-Sn,0.934,-7660.0
Pd-Sn,0.913,-10080.0
Pd-Sn,0.99,-1180.0
Pd-Sn,0.977,-2690.0
Pd-Sn,0.962,-4330.0
Pd-Sn,0.947,-6080.0
Pd-Sn,0.931,-7970.0
Pd-Sn,0.993,-820.0
Pd-Sn,0.984,-1870.0
Pd-Sn,0.973,-3180.0
Pd-Sn,0.96,-4710.0
Pd-Sn,0.979,-2620.0
Pd-Sn,0.944,-7070.0
Pd-Sn,0.907,-11840.0
Pd-Sn,0.877,-15460.0
Pd-Sn,0.843,-19790.0
Pd-Sn,0.809,-23840.0
Pd-Sn,0.778,-27600.0
Pd-Sn,0.746,-31480.0
Pd-Sn,0.716,-35030.0
Pd-Sn,0.685,-37710.0
Pd-Sn,0.966,-4120.0
Pd-Sn,0.93,-8410.0
Pd-Sn,0.896,-12440.0
Pd-Sn,0.864,-16250.0
Pd-Sn,0.832,-19860.0
Pd-Sn,0.803,-23240.0
Pd-Sn,0.775,-26510.0
Pd-Sn,0.749,-29560.0
Pd-Sn,0.724,-32320.0
Pd-Sn,0.701,-34940.0
Pd-Sn,0.985,-1790.0
Pd-Sn,0.97,-3460.0
Pd-Sn,0.952,-5580.0
Pd-Sn,0.934,-7640.0
Pd-Sn,0.916,-9780.0
Pd-Sn,0.897,-11940.0
Pd-Sn,0.879,-13970.0
Pd-Sn,0.995,-580.0
Pd-Sn,0.986,-1620.0
Pd-Sn,0.976,-2740.0
Pd-Sn,0.962,-4280.0
Pd-Sn,0.996,-540.0
Pd-Sn,0.991,-1150.0
Pd-Sn,0.987,-1600.0
Pd-Sn,0.983,-2110.0
Pd-Sn,0.992,-930.0
Pd-Sn,0.983,-2070.0
Pd-Sn,0.974,-3220.0
Pd-Sn,0.964,-4430.0
Pd-Sn,0.955,-5660.0
Pd-Sn,0.948,-5990.0
Pd-Sn,0.891,-12740.0
Pd-Sn,0.84,-18740.0
Pd-Sn,0.775,-26160.0
Pd-Sn,0.719,-32610.0
Pd-Sn,0.669,-38020.0
Pd-Sn,0.623,-43120.0
Pd-Sn,0.987,-1650.0
Pd-Sn,0.973,-3330.0
Pd-Sn,0.96,-4970.0
Pd-Sn,0.942,-7110.0
Pd-Sn,0.921,-9450.0
Pd-Sn,0.902,-11890.0
Pd-Sn,0.9414,-6940.0
Pd-Sn,0.885,-13140.0
Pd-Sn,0.8299,-19250.0
Pd-Sn,0.781,-24710.0
Pd-Sn,0.7346,-30030.0
Pd-Sn,0.6927,-34740.0
Pd-Sn,0.6536,-38860.0
Pd-Sn,0.6318,-41390.0
Pd-Sn,0.933,-8210.0
Pd-Sn,0.878,-14690.0
Pd-Sn,0.827,-21810.0
Pd-Sn,0.779,-27900.0
Pd-Sn,0.736,-32870.0
Pd-Sn,0.696,-37570.0
Pd-Sn,0.66,-41830.0
Pd-Sn,0.626,-46070.0
Pd-Sn,0.593,-49480.0
Pd-Sn,0.561,-53390.0
Pd-Sn,0.544,-55570.0
Pd-Sn,0.528,-57510.0
Pd-Sn,0.499,-60640.0
Pd-Sn,0.486,-61680.0
Pd-Sn,0.474,-62830.0
Pd-Sn,0.46,-62620.0
Pd-Sn,0.449,-61780.0
Pd-Sn,0.953,-5470.0
Pd-Sn,0.902,-11360.0
Pd-Sn,0.85,-17440.0
Pd-Sn,0.803,-22910.0
Pd-Sn,0.759,-27860.0
Pd-Sn,0.719,-32320.0
Pd-Sn,0.683,-36310.0
Pd-Sn,0.649,-40000.0
Pd-Sn,0.618,-43400.0
Pd-Sn,0.589,-48420.0
Pd-Sn,0.558,-49650.0
Pd-Sn,0.53,-52510.0
Pd-Sn,0.504,-55050.0
Pd-Sn,0.48,-57330.0
Pd-Sn,0.458,-59360.0
Pd-Sn,0.987,-1540.0
Pd-Sn,0.973,-3090.0
Pd-Sn,0.959,-4790.0
Pd-Sn,0.945,-6490.0
Pd-Sn,0.93,-8230.0
Pd-Sn,0.915,-9950.0
Pd-Sn,0.9,-11660.0
Pd-Sn,0.886,-13330.0
Pd-Sn,0.871,-14990.0
Pd-Sn,0.857,-16630.0
Pd-Sn,0.844,-18230.0
Pd-Sn,0.83,-19770.0
Pd-Sn,0.816,-21340.0
Pd-Sn,0.803,-22850.0
Pd-Sn,0.79,-24330.0
Pd-Sn,0.778,-25770.0
Pd-Sn,0.766,-27170.0
Pd-Sn,0.752,-28700.0
Pd-Sn,0.738,-30300.0
Pd-Sn,0.724,-31870.0
Pd-Sn,0.71,-33390.0
Pd-Sn,0.697,-34910.0
Pd-Sn,0.684,-36400.0
Pd-Sn,0.67,-37930.0
Pd-Sn,0.992,-970.0
Pd-Sn,0.983,-1950.0
Pd-Sn,0.974,-2990.0
Pd-Sn,0.965,-4030.0
Pd-Sn,0.955,-5170.0
Pd-Sn,0.945,-6350.0
Pd-Sn,0.935,-7530.0
Pd-Sn,0.925,-8700.0
Pd-Sn,0.914,-9920.0
Pd-Sn,0.903,-11140.0
Pd-Sn,0.893,-12370.0
Pd-Sn,0.882,-13590.0
Pd-Sn,0.871,-14850.0
Pd-Sn,0.86,-16080.0
Pd-Sn,0.849,-17320.0
Pd-Sn,0.838,-18570.0
Pd-Sn,0.827,-19840.0
Pd-Sn,0.816,-21050.0
Pd-Sn,0.805,-22270.0
Pd-Sn,0.795,-23480.0
Pd-Sn,0.784,-24690.0
Pd-Sn,0.773,-25930.0
Pd-Sn,0.762,-27220.0
Pd-Sn,0.75,-28520.0
Pd-Sn,0.997,-320.0
Pd-Sn,0.994,-670.0
Pd-Sn,0.991,-1020.0
Pd-Sn,0.988,-1410.0
Pd-Sn,0.981,-2180.0
Pd-Sn,0.978,-2570.0
Pd-Sn,0.974,-2970.0
Pd-Sn,0.971,-3380.0
Pd-Sn,0.967,-3800.0
Pd-Sn,0.963,-4240.0
Pd-Sn,0.96,-4680.0
Pd-Sn,0.956,-5120.0
Pd-Sn,0.952,-5560.0
Pd-Sn,0.948,-6050.0
Pd-Sn,0.943,-6550.0
Pd-Sn,0.939,-7080.0
Pd-Sn,0.934,-7610.0
Pd-Sn,0.93,-8120.0
Pd-Sn,0.925,-8650.0
Pd-Sn,0.921,-9210.0
Pd-Sn,0.916,-9760.0
Pd-Sn,0.911,-10340.0
Pd-Sn,0.906,-10900.0
Pd-Sn,0.954,-5820.0
Pd-Sn,0.911,-11060.0
Pd-Sn,0.872,-15850.0
Pd-Sn,0.832,-20270.0
Pd-Sn,0.791,-24860.0
Pd-Sn,0.755,-28830.0
Pd-Sn,0.724,-32530.0
Pd-Sn,0.692,-36120.0
Pd-Sn,0.663,-39440.0
Pd-Sn,0.634,-42720.0
Pd-Sn,0.605,-46160.0
Pd-Sn,0.575,-49550.0
Pd-Sn,0.545,-52600.0
Pd-Sn,0.53,-54050.0
Pd-Sn,0.97,-3660.0
Pd-Sn,0.941,-7220.0
Pd-Sn,0.91,-10860.0
Pd-Sn,0.879,-14670.0
Pd-Sn,0.85,-18550.0
Pd-Sn,0.819,-22990.0
Pd-Sn,0.789,-26860.0
Pd-Sn,0.76,-30300.0
Pd-Sn,0.733,-33490.0
Pd-Sn,0.707,-36650.0
Pd-Sn,0.682,-39610.0
Pd-Sn,0.657,-42630.0
Ga-Pt,0.0379,-5910.0
Ga-Pt,0.0717,-11330.0
Ga-Pt,0.1048,-16710.0
Ga-Pt,0.1397,-22350.0
Ga-Pt,0.1749,-25800.0
Ga-Pt,0.0294,-4070.0
Ga-Pt,0.0633,-9000.0
Ga-Pt,0.1047,-15840.0
Ga-Pt,0.1547,-24030.0
Ga-Pt,0.2066,-32700.0
Ga-Pt,0.0417,-7200.0
Ga-Pt,0.0733,-12080.0
Ga-Pt,0.1157,-18620.0
Ga-Pt,0.1653,-26860.0
Ga-Pt,0.2085,-33900.0
Ga-Pt,0.0469,-7350.0
Ga-Pt,0.0909,-14520.0
Ga-Pt,0.1326,-21120.0
Ga-Pt,0.1721,-27390.0
Ga-Pt,0.2088,-33270.0
Ga-Pt,0.2434,-38640.0
Ga-Pt,0.2759,-43900.0
Ga-Pt,0.3057,-47990.0
Ga-Pt,0.3335,-51660.0
Ga-Pt,0.3592,-54470.0
Ga-Pt,0.3831,-57040.0
Ga-Pt,0.4055,-59110.0
Ga-Pt,0.4263,-60520.0
Ga-Pt,0.4465,-62010.0
Ga-Pt,0.4656,-62940.0
Ga-Pt,0.4838,-63560.0
Ga-Pt,0.501,-64350.0
Ga-Pt,0.5173,-64750.0
Ga-Pt,0.5325,-64200.0
Ga-Pt,0.547,-60570.0
Ga-Pt,0.5614,-58900.0
Ga-Pt,0.5775,-57750.0
Ga-Pt,0.5933,-56360.0
Ga-Pt,0.0384,-6690.0
Ga-Pt,0.0756,-12400.0
Ga-Pt,0.1102,-18520.0
Ga-Pt,0.1431,-23760.0
Ga-Pt,0.1749,-30000.0
Ga-Pt,0.205,-34660.0
Ga-Pt,0.2332,-38410.0
Ga-Pt,0.2599,-43070.0
Ga-Pt,0.286,-46640.0
Ga-Pt,0.3106,-50180.0
Ga-Pt,0.3335,-53460.0
Ga-Pt,0.3551,-56230.0
Ga-Pt,0.3754,-58350.0
Ga-Pt,0.3949,-60650.0
Ga-Pt,0.4135,-62070.0
Ga-Pt,0.4311,-63330.0
Ga-Pt,0.448,-64550.0
Ga-Pt,0.4641,-65590.0
Ga-Pt,0.4794,-66210.0
Ga-Pt,0.4963,-67240.0
Ga-Pt,0.5126,-67660.0
Ga-Pt,0.5301,-65630.0
Ga-Pt,0.5468,-60900.0
Ga-Pt,0.079,-12830.0
Ga-Pt,0.1479,-24310.0
Ga-Pt,0.2125,-34600.0
Ga-Pt,0.2687,-43050.0
Ga-Pt,0.3253,-50760.0
Ga-Pt,0.3509,-54340.0
Ga-Pt,0.3774,-57680.0
Ga-Pt,0.405,-60630.0
Ga-Pt,0.4307,-62850.0
Ga-Pt,0.4548,-64690.0
Ga-Pt,0.4769,-66700.0
Ga-Pt,0.492,-68360.0
Ga-Pt,0.5075,-68390.0
Ga-Pt,0.5232,-68960.0
Ga-Pt,0.5382,-63450.0
Ga-Pt,0.5525,-63080.0
Ga-Pt,0.5664,-62400.0
Ga-Pt,0.5815,-61290.0
Ga-Pt,0.5958,-60060.0
Ga-Pt,0.6092,-58820.0
Ga-Pt,0.0838,-12800.0
Ga-Pt,0.1699,-27310.0
Ga-Pt,0.2439,-39220.0
Ga-Pt,0.2659,-42400.0
Ga-Pt,0.289,-45640.0
Ga-Pt,0.3115,-48620.0
Ga-Pt,0.333,-51310.0
Ga-Pt,0.3533,-54070.0
Ga-Pt,0.3728,-56220.0
Ga-Pt,0.3921,-58240.0
Ga-Pt,0.4106,-59760.0
Ga-Pt,0.428,-60960.0
Ga-Pt,0.4451,-61850.0
Ga-Pt,0.4619,-64190.0
Ga-Pt,0.4692,-65180.0
Ga-Pt,0.4849,-68310.0
Ga-Pt,0.4999,-69410.0
Ga-Pt,0.5162,-69070.0
Ga-Pt,0.535,-61800.0
Ga-Pt,0.5526,-61920.0
Ga-Pt,0.5695,-61390.0
Ga-Pt,0.0472,-7670.0
Ga-Pt,0.099,-16080.0
Ga-Pt,0.1461,-23740.0
Ga-Pt,0.1888,-31410.0
Ga-Pt,0.229,-38030.0
Ga-Pt,0.2654,-43640.0
Ga-Pt,0.3,-48490.0
Ga-Pt,0.3318,-52990.0
Ga-Pt,0.3616,-56320.0
Ga-Pt,0.3892,-59180.0
Ga-Pt,0.4157,-61540.0
Ga-Pt,0.4406,-63450.0
Ga-Pt,0.4636,-64500.0
Ga-Pt,0.4848,-70750.0
Ga-Pt,0.5066,-71250.0
Ga-Pt,0.5271,-63750.0
Ga-Pt,0.546,-63660.0
Ga-Pt,0.5635,-63140.0
Ga-Pt,0.0496,-7800.0
Ga-Pt,0.0959,-15640.0
Ga-Pt,0.1386,-22390.0
Ga-Pt,0.1777,-28710.0
Ga-Pt,0.2153,-35030.0
Ga-Pt,0.2506,-40520.0
Ga-Pt,0.2834,-45250.0
Ga-Pt,0.3152,-49620.0
Ga-Pt,0.3445,-53120.0
Ga-Pt,0.3714,-55890.0
Ga-Pt,0.3962,-58540.0
Ga-Pt,0.4193,-61030.0
Ga-Pt,0.441,-62380.0
Ga-Pt,0.4628,-63630.0
Ga-Pt,0.4831,-64250.0
Ga-Pt,0.5022,-64720.0
Ga-Pt,0.5204,-64900.0
Ga-Pt,0.5374,-64830.0
Ga-Pt,0.5536,-64610.0
Ga-Pt,0.5694,-63980.0
Ga-Pt,0.5856,-63130.0
Ga-Pt,0.0433,-7980.0
Ga-Pt,0.2587,-38840.0
Ga-Pt,0.2935,-44680.0
Ga-Pt,0.326,-49350.0
Ga-Pt,0.3558,-53540.0
Ga-Pt,0.3833,-56720.0
Ga-Pt,0.4087,-58110.0
Ga-Pt,0.4329,-59760.0
Ga-Pt,0.4556,-61590.0
Ga-Pt,0.478,-62540.0
Ga-Pt,0.4987,-63250.0
Ga-Pt,0.519,-63310.0
Ga-Pt,0.5401,-63140.0
Ni-Ti,0.0422,-8318.0
Ni-Ti,0.0786,-14795.0
Ni-Ti,0.131,-23513.0
Ni-Ti,0.1782,-29230.0
Ni-Ti,0.2195,-33951.0
Ni-Ti,0.2562,-37800.0
Ni-Ti,0.3062,-40522.0
Ni-Ti,0.3419,-40761.0
Ni-Ti,0.0971,-18150.0
Ni-Ti,0.1783,-28970.0
Ni-Ti,0.2443,-36540.0
Ni-Ti,0.3008,-40430.0
Ni-Ti,0.3546,-42420.0
Ni-Ti,0.3914,-42490.0
Ni-Ti,0.4286,-41950.0
Ni-Ti,0.4619,-41130.0
Ni-Ti,0.4918,-40170.0
Li-Zn,0.991,-550.0
Li-Zn,0.974,-1540.0
Li-Zn,0.952,-2790.0
Li-Zn,0.93,-3980.0
Li-Zn,0.9085,-5060.0
Li-Zn,0.887,-6100.0
Li-Zn,0.864,-7120.0
Li-Zn,0.844,-7930.0
Li-Zn,0.828,-8580.0
Li-Zn,0.811,-9190.0
Li-Zn,0.797,-9650.0
Li-Zn,0.783,-10080.0
Li-Zn,0.7645,-10500.0
Li-Zn,0.749,-10950.0
Li-Zn,0.739,-11190.0
Li-Zn,0.726,-11440.0
Li-Zn,0.034,-780.0
Li-Zn,0.089,-2150.0
Li-Zn,0.153,-3720.0
Li-Zn,0.21,-5170.0
Li-Zn,0.258,-6330.0
Li-Zn,0.305,-7460.0
Li-Zn,0.349,-8470.0
Li-Zn,0.392,-9540.0
Li-Zn,0.429,-10270.0
Li-Zn,0.462,-10820.0
Li-Zn,0.491,-11230.0
Li-Zn,0.516,-11530.0
Li-Zn,0.541,-11760.0
Li-Zn,0.564,-11970.0
Li-Zn,0.584,-12050.0
Li-Zn,0.605,-12090.0
Li-Zn,0.628,-12060.0
Li-Zn,0.715,-11590.0
Li-Zn,0.698,-11810.0
Li-Zn,0.681,-11970.0
Li-Zn,0.672,-12050.0
Li-Zn,0.6465,-12170.0
Li-Zn,0.625,-12240.0
Li-Zn,0.603,-12270.0
Li-Zn,0.585,-12220.0
Li-Zn,0.57,-12160.0
Li-Zn,0.55,-12030.0
Li-Zn,0.534,-11910.0
Li-Zn,0.519,-11780.0
Li-Zn,0.503,-11650.0
Li-Zn,0.49,-11510.0
Li-Zn,0.475,-11370.0
Cu-Sb,0.88,210.0
Cu-Sb,0.775,-90.0
Cu-Sb,0.68,-870.0
Cu-Sb,0.64,-920.0
Cu-Sb,0.61,-1570.0
Cu-Sb,0.54,-2320.0
Cu-Sb,0.49,-2950.0
Cu-Sb,0.47,-3290.0
Cu-Sb,0.445,-3630.0
Cu-Sb,0.42,-3950.0
Cu-Sb,0.4,-4110.0
Cu-Sb,0.385,-4560.0
Cu-Sb,0.37,-4680.0
Cu-Sb,0.35,-5060.0
Cu-Sb,0.33,-5260.0
Cu-Sb,0.32,-5540.0
Cu-Sb,0.31,-5670.0
Cu-Sb,0.28,-6010.0
Cu-Sb,0.26,-6230.0
Cu-Sb,0.24,-6300.0
Cu-Sb,0.23,-6320.0
Cu-Sn,0.95,10.0
Cu-Sn,0.9,30.0
Cu-Sn,0.85,-20.0
Cu-Sn,0.8,-180.0
Cu-Sn,0.75,-450.0
Cu-Sn,0.7,-720.0
Cu-Sn,0.65,-1060.0
Cu-Sn,0.6,-1460.0
Cu-Sn,0.55,-1950.0
Cu-Sn,0.5,-2450.0
Cu-Sn,0.47,-2930.0
Cu-Sn,0.44,-3140.0
Cu-Sn,0.4,-3880.0
Mg-Ni,0.048,-2900.0
Mg-Ni,0.102,-5800.0
Mg-Ni,0.153,-8000.0
Mg-Ni,0.053,-3100.0
Mg-Ni,0.099,-5500.0
Mg-Ni,0.146,-7300.0
Mg-Ni,0.194,-9200.0
Mg-Ni,0.027,-1600.0
Mg-Ni,0.056,-3200.0
Mg-Ni,0.085,-4600.0
Mg-Ni,0.051,-3200.0
Mg-Ni,0.105,-5800.0
Mg-Ni,0.157,-7900.0
Cu-Li,0.9914,199.0
Cu-Li,0.9821,408.0
Cu-Li,0.9727,613.0
Cu-Li,0.963,817.0
Cu-Li,0.9529,1019.0
Cu-Li,0.9424,1220.0
Cu-Li,0.9317,1424.0
Cu-Li,0.9207,1623.0
Cu-Li,0.9096,1820.0
Cu-Li,0.8983,2013.0
Cu-Li,0.8866,2212.0
Cu-Li,0.8748,2413.0
Cu-Li,0.863,2608.0
Cu-Li,0.851,2802.0
Cu-Li,0.8388,2986.0
Cu-Li,0.8266,3173.0
Cu-Li,0.8145,3345.0
Cu-Li,0.8022,3508.0
Cu-Li,0.7901,3666.0
Cu-Li,0.7779,3816.0
Cu-Li,0.7659,3954.0
Cu-Li,0.7536,4090.0
Cu-Li,0.7415,4219.0
Cu-Li,0.7295,4344.0
Cu-Li,0.7176,4473.0
Li-Sn,0.9833,-1016.0
Li-Sn,0.9651,-2094.0
Li-Sn,0.9449,-3282.0
Li-Sn,0.9226,-4560.0
Li-Sn,0.8963,-6093.0
Li-Sn,0.8701,-7572.0
Li-Sn,0.8414,-9179.0
Li-Sn,0.8119,-10894.0
Li-Sn,0.7836,-12447.0
Li-Sn,0.7546,-14076.0
Li-Sn,0.7265,-15616.0
Li-Sn,0.6984,-17147.0
Li-Sn,0.6704,-18720.0
Li-Sn,0.6422,-20275.0
Li-Sn,0.6149,-21776.0
Li-Sn,0.5889,-23193.0
Li-Sn,0.5642,-24510.0
Li-Sn,0.5403,-25784.0
Li-Sn,0.5167,-27030.0
Li-Sn,0.4944,-28190.0
Li-Sn,0.4731,-29307.0
Li-Sn,0.4528,-30308.0
Li-Sn,0.4336,-31203.0
Li-Sn,0.4155,-32023.0
Li-Sn,0.3981,-32777.0
Li-Sn,0.0291,-5330.0
Li-Sn,0.0575,-10700.0
Li-Sn,0.0857,-16254.0
Li-Sn,0.1134,-21937.0
Li-Sn,0.1674,-33594.0
Li-Sn,0.1935,-36891.0
Li-Sn,0.2435,-37321.0
Li-Sn,0.2674,-37380.0
Li-Sn,0.2906,-37186.0
Li-Sn,0.3132,-36765.0
Li-Sn,0.3349,-36188.0
Li-Sn,0.356,-35479.0
Li-Sn,0.3763,-34678.0
Li-Sn,0.3959,-33809.0
Li-Sn,0.4147,-32894.0
Li-Sn,0.4329,-31960.0
Li-Sn,0.4502,-31019.0
Li-Sn,0.4672,-30053.0
Li-Sn,0.4837,-29101.0
Li-Sn,0.4996,-28145.0
Li-Sn,0.5146,-27223.0
Li-Sn,0.5292,-26308.0
Li-Sn,0.5433,-25410.0
Li-Sn,0.9845,-1122.0
Li-Sn,0.9634,-2256.0
Li-Sn,0.9394,-3710.0
Li-Sn,0.9133,-5258.0
Li-Sn,0.8855,-6914.0
Li-Sn,0.8557,-8659.0
Li-Sn,0.8249,-10485.0
Li-Sn,0.7944,-12256.0
Li-Sn,0.7631,-14026.0
Li-Sn,0.732,-15839.0
Li-Sn,0.701,-17673.0
Li-Sn,0.6703,-19469.0
Li-Sn,0.6408,-21198.0
Li-Sn,0.6118,-22898.0
Li-Sn,0.5842,-24494.0
Li-Sn,0.5578,-26008.0
Li-Sn,0.5324,-27389.0
Li-Sn,0.508,-28585.0
Li-Sn,0.001,-174.0
Li-Sn,0.0023,-376.0
Li-Sn,0.0038,-619.0
Li-Sn,0.0054,-889.0
Li-Sn,0.0073,-1196.0
Li-Sn,0.0094,-1539.0
Li-Sn,0.0117,-1947.0
Li-Sn,0.0142,-2425.0
Li-Sn,0.0168,-2957.0
Li-Sn,0.0196,-3509.0
Li-Sn,0.0227,-4169.0
Li-Sn,0.0259,-4864.0
Li-Sn,0.0292,-5620.0
Li-Sn,0.0328,-6399.0
Li-Sn,0.0366,-7270.0
Li-Sn,0.0405,-8170.0
Li-Sn,0.0446,-9120.0
Li-Sn,0.0487,-10086.0
Li-Sn,0.0531,-11091.0
Li-Sn,0.0576,-12145.0
Li-Sn,0.0623,-13223.0
Li-Sn,0.0671,-14341.0
Li-Sn,0.072,-15491.0
Li-Sn,0.0771,-16671.0
Li-Sn,0.0823,-17871.0
In-Li,0.9453,-4900.0
In-Li,0.898,-8900.0
In-Li,0.8528,-12200.0
In-Li,0.8107,-15100.0
In-Li,0.7732,-17100.0
In-Li,0.7358,-18500.0
In-Li,0.9784,-2100.0
In-Li,0.9554,-4200.0
In-Li,0.9296,-6500.0
In-Li,0.9044,-8900.0
In-Li,0.8807,-11200.0
In-Li,0.1522,-7300.0
In-Li,0.2496,-11500.0
In-Li,0.3386,-15200.0
In-Li,0.425,-18400.0
In-Li,0.4872,-20200.0
In-Li,0.5462,-21300.0
In-Li,0.5982,-21700.0
In-Li,0.6367,-21400.0
In-Li,0.9438,-4200.0
In-Li,0.8919,-8400.0
In-Li,0.3218,-13700.0
In-Li,0.4733,-19500.0
In-Li,0.5713,-21600.0
In-Li,0.6277,-21800.0
In-Li,0.6764,-21300.0
In-Li,0.7338,-19800.0
In-Li,0.7764,-17900.0
In-Li,0.2508,-11700.0
In-Li,0.4993,-20400.0
In-Li,0.6251,-21700.0
In-Li,0.7501,-18600.0
Al-Tb,0.03,-4955.0
Al-Tb,0.05,-8949.0
Al-Tb,0.08,-10993.0
Al-Tb,0.1,-16610.0
Al-Tb,0.2,-27080.0
Al-Tb,0.2,-26370.0
Zr-Ni,0.9526,-10160.0
Zr-Ni,0.9124,-18080.0
Zr-Ni,0.8736,-25610.0
Zr-Ni,0.8381,-31800.0
Zr-Ni,0.8084,-36560.0
Zr-Ni,0.7812,-40620.0
Zr-Ni,0.7515,-44440.0
Zr-Ni,0.7277,-47190.0
Zr-Ni,0.7016,-49810.0
Zr-Ni,0.6785,-51730.0
Zr-Ni,0.6569,-53130.0
Zr-Ni,0.6372,-54290.0
Zr-Ni,0.9529,-10080.0
Zr-Ni,0.911,-18620.0
Zr-Ni,0.8725,-25930.0
Zr-Ni,0.8375,-32150.0
Zr-Ni,0.8059,-37250.0
Zr-Ni,0.7765,-41540.0
Zr-Ni,0.7493,-44290.0
Zr-Ni,0.7244,-47890.0
Zr-Ni,0.7015,-50160.0
Zr-Ni,0.6804,-52070.0
Zr-Ni,0.6696,-53920.0
Zr-Ni,0.9709,-6960.0
Zr-Ni,0.9431,-13310.0
Zr-Ni,0.9164,-18680.0
Zr-Ni,0.891,-23470.0
Zr-Ni,0.8439,-32260.0
Zr-Ni,0.9718,-6440.0
Zr-Ni,0.9434,-12570.0
Zr-Ni,0.9159,-18270.0
Zr-Ni,0.8889,-23060.0
Zr-Ni,0.8634,-28820.0
Zr-Ni,0.8392,-33130.0
Zr-Ni,0.8162,-37060.0
Zr-Ni,0.7944,-40260.0
Zr-Ni,0.7737,-43250.0
Zr-Ni,0.754,-45820.0
Zr-Ni,0.7353,-48010.0
Zr-Ni,0.7173,-49660.0
Zr-Ni,0.9843,-4515.0
Zr-Ni,0.9697,-8488.0
Zr-Ni,0.956,-11850.0
Zr-Ni,0.9426,-15030.0
Zr-Ni,0.9296,-17960.0
Zr-Ni,0.9172,-20560.0
Zr-Ni,0.892,-25460.0
Zr-Ni,0.8684,-29060.0
Zr-Ni,0.8457,-31470.0
Zr-Ni,0.8251,-33930.0
Zr-Ni,0.8041,-35660.0
Zr-Ni,0.7848,-38570.0
Zr-Ni,0.7662,-40820.0
Zr-Ni,0.7481,-42230.0
Zr-Ni,0.7314,-43250.0
Ti-Fe,0.9,-6020.0
Ti-Fe,0.8,-11440.0
Ti-Fe,0.7,-16150.0
Ti-Fe,0.6,-19830.0
Ti-Fe,0.5,-21900.0
Ti-Fe,0.4,-21670.0
Ti-Fe,0.3,-18860.0
Ti-Fe,0.2,-13870.0
Ti-Fe,0.1,-7420.0
In-Gd,0.9863,-1500.0
In-Gd,0.973,-2960.0
In-Gd,0.9599,-4380.0
In-Gd,0.9469,-5790.0
In-Gd,0.9338,-7140.0
In-Gd,0.9207,-8620.0
In-Gd,0.9074,-10120.0
In-Gd,0.8942,-11630.0
In-Gd,0.8813,-13080.0
In-Gd,0.8682,-14400.0
In-Gd,0.8592,-15320.0
In-Gd,0.8469,-16650.0
In-Gd,0.8343,-18050.0
In-Gd,0.8214,-19430.0
In-Gd,0.8087,-20820.0
In-Gd,0.7961,-22160.0
In-Gd,0.7837,-23190.0
In-Gd,0.7715,-25370.0
In-Gd,0.7598,-25490.0
In-Gd,0.7483,-26520.0
In-Gd,0.7371,-27460.0
In-Gd,0.7338,-27730.0
In-Gd,0.724,-28710.0
In-Gd,0.7138,-29530.0
In-Gd,0.7037,-30370.0
In-Gd,0.6937,-31070.0
In-Gd,0.684,-31920.0
In-Gd,0.6743,-32660.0
In-Gd,0.6648,-33230.0
In-Gd,0.98,-2250.0
In-Gd,0.9689,-3520.0
In-Gd,0.9569,-4810.0
In-Gd,0.9449,-6020.0
In-Gd,0.9331,-7280.0
In-Gd,0.9216,-8600.0
In-Gd,0.898,-11240.0
In-Gd,0.8861,-12620.0
In-Gd,0.8779,-13530.0
In-Gd,0.8547,-16060.0
In-Gd,0.8431,-17400.0
In-Gd,0.8314,-18640.0
In-Gd,0.8199,-19830.0
In-Gd,0.8098,-20810.0
In-Gd,0.7995,-21830.0
In-Gd,0.785,-22680.0
In-Gd,0.7803,-23470.0
In-Gd,0.7723,-24290.0
In-Gd,0.7633,-25140.0
In-Gd,0.754,-25900.0
In-Gd,0.7447,-26700.0
In-Gd,0.7355,-27430.0
In-Gd,0.7265,-28280.0
In-Gd,0.7177,-28990.0
In-Gd,0.7089,-29620.0
In-Gd,0.7032,-30010.0
In-Gd,0.695,-30740.0
In-Gd,0.6868,-31340.0
In-Gd,0.6788,-31790.0
In-Gd,0.6553,-33100.0
In-Gd,0.6478,-33510.0
In-Gd,0.6435,-33800.0
In-Gd,0.6365,-34270.0
In-Gd,0.6295,-34730.0
In-Gd,0.6227,-35220.0
In-Gd,0.6166,-35500.0
In-Gd,0.6106,-35770.0
In-Gd,0.6047,-36100.0
In-Gd,0.5988,-36420.0
In-Gd,0.593,-36680.0
In-Gd,0.5873,-36840.0
In-Gd,0.5815,-37060.0
In-Gd,0.5757,-37250.0
In-Gd,0.5698,-37470.0
In-Gd,0.5641,-37670.0
In-Gd,0.5586,-37800.0
In-Gd,0.5531,-37950.0
In-Gd,0.5477,-38050.0
In-Gd,0.5423,-38200.0
In-Gd,0.537,-38370.0
In-Gd,0.5318,-38530.0
In-Gd,0.5267,-38640.0
In-Gd,0.5194,-38830.0
In-Gd,0.5145,-38940.0
In-Gd,0.5097,-39040.0
In-Gd,0.506,-39120.0
In-Gd,0.5026,-39200.0
In-Gd,0.0078,-980.0
In-Gd,0.0157,-1990.0
In-Gd,0.0237,-2990.0
In-Gd,0.0316,-4040.0
In-Gd,0.0397,-5090.0
In-Gd,0.0479,-6110.0
In-Gd,0.0562,-7160.0
In-Gd,0.0644,-8230.0
In-Gd,0.0829,-10470.0
In-Gd,0.0894,-11230.0
In-Gd,0.0966,-12130.0
In-Gd,0.1055,-13130.0
In-Gd,0.1128,-14000.0
In-Gd,0.1209,-14990.0
In-Gd,0.1291,-15920.0
In-Gd,0.1372,-16850.0
In-Gd,0.1453,-17780.0
In-Gd,0.1531,-18700.0
In-Gd,0.1593,-19430.0
In-Gd,0.1658,-20220.0
In-Gd,0.1724,-20960.0
In-Gd,0.1732,-21070.0
In-Gd,0.1795,-21810.0
In-Gd,0.1859,-22560.0
In-Gd,0.1923,-23320.0
In-Gd,0.1988,-24040.0
In-Gd,0.2051,-24700.0
In-Gd,0.2113,-25320.0
In-Gd,0.2164,-25850.0
In-Gd,0.2215,-26410.0
In-Gd,0.2267,-26970.0
In-Gd,0.2328,-27630.0
In-Gd,0.239,-28200.0
In-Gd,0.2453,-28770.0
In-Gd,0.2514,-29320.0
In-Gd,0.2575,-29840.0
In-Gd,0.2635,-30420.0
In-Gd,0.2695,-30980.0
In-Gd,0.2753,-31510.0
In-Gd,0.2811,-32040.0
In-Gd,0.2869,-32540.0
In-Gd,0.2926,-33010.0
In-Gd,0.2982,-33500.0
In-Gd,0.3038,-33960.0
In-Gd,0.3094,-34340.0
In-Gd,0.3149,-34780.0
In-Gd,0.3203,-35220.0
In-Gd,0.3257,-35550.0
In-Gd,0.331,-35940.0
In-Gd,0.3364,-36320.0
In-Gd,0.3416,-36710.0
In-Gd,0.3469,-37050.0
In-Gd,0.3521,-37340.0
In-Gd,0.3573,-37630.0
In-Gd,0.3626,-37960.0
In-Gd,0.3678,-38260.0
In-Gd,0.3726,-38460.0
In-Gd,0.3778,-38620.0
In-Gd,0.383,-38790.0
In-Gd,0.3882,-38930.0
In-Gd,0.3933,-39060.0
In-Gd,0.3984,-39150.0
In-Gd,0.4034,-39200.0
In-Gd,0.4085,-39230.0
In-Gd,0.4136,-39280.0
In-Gd,0.4186,-39350.0
In-Gd,0.4237,-39500.0
Al-Ni,0.126,-17900.0
Al-Ni,0.251,-36700.0
Al-Ni,0.16,-24000.0
Al-Ni,0.304,-42400.0
Al-Ni,0.728,-39700.0
Al-Ni,0.301,-42300.0
Al-Ni,0.775,-30000.0
Al-Cu,0.052,-1700.0
Al-Cu,0.1,-3320.0
Al-Cu,0.15,-5040.0
Al-Cu,0.198,-6840.0
Al-Cu,0.248,-8550.0
Al-Cu,0.299,-10300.0
Al-Cu,0.348,-11800.0
Al-Cu,0.4,-13500.0
Al-Cu,0.451,-14900.0
Al-Cu,0.5,-16100.0
Al-Cu,0.549,-17100.0
Al-Cu,0.598,-17700.0
Al-Cu,0.63,-17900.0
Al-Cu,0.66,-17600.0
Al-Cu,0.69,-17100.0
Al-Cu,0.711,-16500.0
Al-Cu,0.731,-15700.0
Al-Cu,0.751,-14700.0
Al-Cu,0.769,-13900.0
Al-Cu,0.785,-12800.0
Al-Cu,0.801,-11800.0
Cu-Ni,0.911,1060.0
Cu-Ni,0.806,2130.0
Cu-Ni,0.702,2790.0
Cu-Ni,0.601,3170.0
Ag-Cu,0.9509,667.0
Ag-Cu,0.9014,1291.0
Ag-Cu,0.8809,1519.0
Ag-Cu,0.8488,1825.0
Ag-Cu,0.8136,2164.0
Ag-Cu,0.9224,1108.0
Ag-Cu,0.8657,1785.0
Ag-Cu,0.809,2296.0
Ag-Cu,0.7577,2674.0
Ag-Cu,0.7192,2902.0
Ag-Cu,0.6773,3108.0
Ag-Cu,0.0345,463.0
Ag-Cu,0.0796,994.0
Ag-Cu,0.1254,1460.0
Ag-Cu,0.087,1066.0
Ag-Cu,0.1909,2132.0
Ag-Cu,0.2737,2737.0
Ag-Cu,0.3378,3031.0
Ag-Cu,0.399,3221.0
Ag-Cu,0.4493,3329.0
Ag-Cu,0.9508,750.0
Ag-Cu,0.9,1389.0
Ag-Cu,0.8503,1927.0
Ag-Cu,0.8001,2375.0
Ag-Cu,0.7501,2730.0
Ag-Cu,0.8468,2091.0
Ag-Cu,0.7344,3000.0
Ag-Cu,0.8794,1703.0
Ag-Cu,0.7698,2740.0
Ag-Cu,0.6702,3362.0
Ag-Cu,0.5698,3598.0
Ag-Cu,0.9798,350.0
Ag-Cu,0.9597,665.0
Ag-Cu,0.94,957.0
Ag-Cu,0.919,1225.0
Ag-Cu,0.0498,621.0
Ag-Cu,0.1002,1206.0
Ag-Cu,0.1501,1700.0
Ag-Cu,0.2003,2188.0
Ag-Cu,0.2502,2555.0
Ag-Cu,0.3001,2837.0
Ag-Cu,0.1202,1476.0
Ag-Cu,0.2298,2443.0
Ag-Cu,0.3396,3052.0
Ag-Cu,0.2701,2889.0
Ag-Cu,0.38,3433.0
Ag-Cu,0.4201,3515.0
Ag-Cu,0.5,3640.0
Ag-Cu,0.5002,3523.0
Ag-Cu,0.5,3518.0
Ag-Cu,0.5999,3479.0
Ag-Cu,0.5,3538.0
Ag-Cu,0.5,3559.0
Ag-Cu,0.3,2721.0
Ag-Cu,0.3998,3349.0
Au-Cu,0.0681,-1678.0
Au-Cu,0.1285,-2820.0
Au-Cu,0.1953,-3930.0
Au-Cu,0.2481,-4764.0
Au-Cu,0.2996,-5501.0
Au-Cu,0.0793,-1742.0
Au-Cu,0.1481,-3227.0
Au-Cu,0.2157,-4477.0
Au-Cu,0.2741,-5291.0
Au-Cu,0.3259,-5963.0
Au-Cu,0.9473,-1482.0
Au-Cu,0.8848,-2959.0
Au-Cu,0.8277,-4247.0
Au-Cu,0.7782,-5213.0
Au-Cu,0.7373,-5873.0
Au-Cu,0.6951,-6403.0
Au-Cu,0.9514,-1478.0
Au-Cu,0.9037,-2810.0
Au-Cu,0.8612,-3728.0
Au-Cu,0.8196,-4573.0
Au-Cu,0.9543,-1309.0
Au-Cu,0.9016,-2608.0
Au-Cu,0.8484,-3807.0
Au-Cu,0.7998,-4706.0
Au-Cu,0.75,-5538.0
Au-Cu,0.6901,-6329.0
Au-Cu,0.7308,-5789.0
Au-Cu,0.6501,-6648.0
Au-Cu,0.5995,-6978.0
Au-Cu,0.5497,-7125.0
Au-Cu,0.5003,-7135.0
Au-Cu,0.1002,-2213.0
Au-Cu,0.2,-4037.0
Au-Cu,0.2997,-5511.0
Au-Cu,0.4005,-6589.0
Au-Cu,0.4501,-6962.0
Au-Cu,0.5,-7209.0
Au-Cu,0.8296,-4105.0
Au-Cu,0.73,-5834.0
Au-Cu,0.6499,-6774.0
Au-Cu,0.5797,-7190.0
Au-Cu,0.5301,-7294.0
Au-Cu,0.5099,-7285.0
Au-Cu,0.0527,-1192.0
Au-Cu,0.1512,-3241.0
Au-Cu,0.2501,-4851.0
Au-Cu,0.3507,-6142.0
Au-Cu,0.4199,-6649.0
Au-Cu,0.4999,-7021.0
Au-Ag,0.9383,-910.0
Au-Ag,0.8775,-1723.0
Au-Ag,0.8327,-2266.0
Au-Ag,0.7885,-2792.0
Au-Ag,0.7323,-3238.0
Au-Ag,0.941,-878.0
Au-Ag,0.8797,-1636.0
Au-Ag,0.8217,-2356.0
Au-Ag,0.7735,-2930.0
Au-Ag,0.7282,-3288.0
Au-Ag,0.704,-3370.0
Au-Ag,0.0657,-1007.0
Au-Ag,0.1223,-1788.0
Au-Ag,0.1998,-2683.0
Au-Ag,0.2641,-3260.0
Au-Ag,0.3128,-3523.0
Au-Ag,0.1145,-1638.0
Au-Ag,0.2231,-2851.0
Au-Ag,0.3087,-3594.0
Au-Ag,0.3822,-4015.0
Au-Ag,0.4409,-4222.0
Au-Ag,0.4896,-4347.0
Au-Ag,0.1001,-1490.0
Au-Ag,0.2003,-2746.0
Au-Ag,0.3001,-3580.0
Au-Ag,0.4005,-4115.0
Au-Ag,0.4998,-4327.0
Au-Ag,0.1002,-1378.0
Au-Ag,0.2009,-2604.0
Au-Ag,0.3004,-3538.0
Au-Ag,0.4001,-4042.0
Au-Ag,0.4998,-4301.0
Au-Ag,0.9302,-1112.0
Au-Ag,0.8495,-2154.0
Au-Ag,0.75,-3199.0
Au-Ag,0.65,-3920.0
Au-Ag,0.5484,-4266.0
Au-Ag,0.9588,-660.0
Au-Ag,0.8985,-1607.0
Au-Ag,0.8,-2761.0
Au-Ag,0.7,-3683.0
Au-Ag,0.6001,-4248.0
In-Ce,0.9,-11700.0
In-Ce,0.8,-22500.0
In-Ce,0.7,-31300.0
In-Ce,0.6,-38100.0
In-Ce,0.5,-42700.0
In-Ce,0.4,-43500.0
In-Ce,0.3,-38900.0
In-Ce,0.2,-28700.0
In-Ce,0.1,-15000.0
Pd-In,0.9669,-3990.0
Pd-In,0.9329,-8074.0
Pd-In,0.8997,-12067.0
Pd-In,0.8679,-15916.0
Pd-In,0.8367,-19724.0
Pd-In,0.8065,-23415.0
Pd-In,0.7766,-27063.0
Pd-In,0.748,-30570.0
Pd-In,0.7213,-32795.0
In-Sn,0.9673,-43.0
In-Sn,0.9343,-71.0
In-Sn,0.9028,-90.0
In-Sn,0.8719,-113.0
In-Sn,0.8413,-146.0
In-Sn,0.8116,-182.0
In-Sn,0.7831,-196.0
In-Sn,0.7559,-221.0
In-Sn,0.7292,-243.0
In-Sn,0.7036,-275.0
In-Sn,0.679,-290.0
In-Sn,0.655,-310.0
In-Sn,0.6323,-316.0
In-Sn,0.6105,-328.0
In-Sn,0.5893,-329.0
In-Sn,0.569,-344.0
In-Sn,0.5497,-350.0
In-Sn,0.5309,-348.0
In-Sn,0.513,-358.0
In-Sn,0.4954,-358.0
In-Sn,0.4789,-366.0
In-Sn,0.0448,-70.0
In-Sn,0.0889,-126.0
In-Sn,0.1294,-181.0
In-Sn,0.168,-228.0
In-Sn,0.2047,-280.0
In-Sn,0.2392,-311.0
In-Sn,0.2718,-339.0
In-Sn,0.3019,-363.0
In-Sn,0.3311,-404.0
Pd-Sn,0.965,-4051.0
Pd-Sn,0.9301,-8076.0
Pd-Sn,0.8956,-12034.0
Pd-Sn,0.8619,-15897.0
Pd-Sn,0.8296,-19573.0
Pd-Sn,0.7986,-23072.0
Pd-Sn,0.7692,-26366.0
Pd-Sn,0.7406,-29564.0
Pd-Sn,0.7137,-32556.0
Pd-Sn,0.6874,-35442.0
Pd-Sn,0.6624,-38153.0
Pd-Sn,0.6379,-40795.0
Pd-Sn,0.6145,-43285.0
Pd-Sn,0.5921,-45663.0
Pd-Sn,0.5706,-47892.0
Pd-Sn,0.5307,-51949.0
Pd-Sn,0.5121,-53804.0
Pd-Sn,0.4942,-55547.0
Pd-Sn,0.4771,-56619.0
Ca-Li,0.9528,-313.0
Ca-Li,0.9035,-224.0
Ca-Li,0.8578,-169.0
Ca-Li,0.8247,-352.0
Ca-Li,0.7953,-465.0
Ca-Li,0.7655,-512.0
Ca-Li,0.7332,-562.0
Ca-Li,0.6972,-618.0
Ca-Li,0.6676,-641.0
Ca-Li,0.6397,-785.0
Ca-Li,0.6105,-969.0
Ca-Li,0.5843,-1096.0
Ca-Li,0.5606,-1255.0
Ca-Li,0.54,-1336.0
Ca-Li,0.9612,-12.0
Ca-Li,0.9291,-27.0
Ca-Li,0.8958,-343.0
Ca-Li,0.8628,-208.0
Ca-Li,0.8375,-454.0
Ca-Li,0.8036,-345.0
Ca-Li,0.78,-590.0
Ca-Li,0.7469,-872.0
Ca-Li,0.7149,-1191.0
Ca-Li,0.6856,-1275.0
Ca-Li,0.9692,-110.0
Ca-Li,0.938,-249.0
Ca-Li,0.9154,-353.0
Ca-Li,0.8852,-291.0
Ca-Li,0.8563,-206.0
Ca-Li,0.8282,-210.0
Ca-Li,0.7965,-189.0
Ca-Li,0.7691,-158.0
Ca-Li,0.7405,-220.0
Ca-Li,0.7122,-701.0
Ca-Li,0.6845,-986.0
Ca-Li,0.6598,-1067.0
Ca-Li,0.6389,-1225.0
Ca-Li,0.6179,-1375.0
Ca-Li,0.599,-1375.0
Ca-Li,0.5821,-1329.0
Ca-Li,0.5665,-1378.0
Ca-Li,0.5526,-654.0
Ca-Li,0.5416,-864.0
Ca-Li,0.5267,-1170.0
Ca-Li,0.5113,-1088.0
Ca-Li,0.4975,-1188.0
Ca-Li,0.4849,-1367.0
Ca-Li,0.4629,-1035.0
Ca-Li,0.4443,-698.0
Ca-Li,0.4254,-734.0
Ca-Li,0.4088,-630.0
Ca-Li,0.3881,-911.0
Ca-Li,0.091,-435.0
Ca-Li,0.1919,-385.0
Ca-Li,0.2932,-410.0
Ca-Li,0.3786,-501.0
Ca-Li,0.4438,-521.0
Ca-Li,0.4952,-817.0
Ca-Li,0.5324,-737.0
Ca-Li,0.5786,-700.0
Ca-Li,0.6211,-654.0
Ca-Li,0.6672,-802.0
Ca-Li,0.7078,-994.0
Al-Ce,0.1,-19800.0
Al-Ce,0.2,-35300.0
Al-Ce,0.3,-44200.0
Al-Ce,0.4,-45500.0
Al-Ce,0.5,-42600.0
Al-Ce,0.6,-37900.0
Al-Ce,0.7,-30800.0
Al-Ce,0.8,-21300.0
Al-Ce,0.9,-10800.0
Ce-Fe,0.9,-490.0
Ce-Fe,0.8,-810.0
Ce-Fe,0.7,-960.0
Ce-Fe,0.6,-970.0
Ce-Fe,0.5,-890.0
Ce-Fe,0.4,-750.0
Ce-Fe,0.3,-580.0
Ce-Fe,0.2,-390.0
Ce-Fe,0.1,-200.0
Sn-Eu,0.9,-21200.0
Sn-Eu,0.8,-41200.0
Sn-Eu,0.7,-57000.0
Sn-Eu,0.6,-62600.0
Sn-Eu,0.5,-60800.0
Sn-Eu,0.4,-54900.0
Sn-Eu,0.3,-45100.0
Sn-Eu,0.2,-31300.0
Sn-Eu,0.1,-15900.0
Sc-Fe,0.98,-950.0
Sc-Fe,0.96,-2050.0
Sc-Fe,0.94,-3000.0
Sc-Fe,0.92,-4000.0
Sc-Fe,0.9,-5000.0
Sc-Fe,0.88,-6100.0
Sc-Fe,0.9,-4300.0
Sc-Fe,0.8,-8000.0
Sc-Fe,0.7,-10800.0
Sc-Fe,0.6,-12200.0
Sc-Fe,0.5,-12400.0
Sc-Fe,0.4,-11400.0
Sc-Fe,0.3,-9500.0
Sc-Fe,0.2,-6800.0
Sc-Fe,0.1,-3600.0
Gd-Si,0.9,-23600.0
Gd-Si,0.8,-50400.0
Gd-Si,0.7,-71100.0
Gd-Si,0.6,-79700.0
Gd-Si,0.5,-76100.0
Gd-Si,0.4,-64600.0
Gd-Si,0.3,-50100.0
Gd-Si,0.2,-35300.0
Gd-Si,0.1,-19200.0
Al-Gd,0.1,-15100.0
Al-Gd,0.2,-28300.0
Al-Gd,0.3,-36300.0
Al-Gd,0.4,-37600.0
Al-Gd,0.5,-34100.0
Al-Gd,0.6,-29000.0
Al-Gd,0.7,-23800.0
Al-Gd,0.8,-17600.0
Al-Gd,0.9,-9400.0
Y-Ge,0.9,-24500.0
Y-Ge,0.8,-46800.0
Y-Ge,0.7,-66700.0
Y-Ge,0.6,-85500.0
Y-Ge,0.5,-98200.0
Y-Ge,0.4,-95600.0
Y-Ge,0.3,-76100.0
Y-Ge,0.2,-49500.0
Y-Ge,0.1,-25400.0
Ni-Bi,0.9395,-426.0
Ni-Bi,0.8835,-749.0
Ni-Bi,0.8329,-929.0
Ni-Bi,0.7871,-1115.0
Ni-Bi,0.7451,-1220.0
Ni-Bi,0.9448,-354.0
Ni-Bi,0.8944,-689.0
Ni-Bi,0.8484,-947.0
Ni-Bi,0.8065,-1137.0
Ni-Bi,0.7679,-1255.0
Ni-Bi,0.7323,-1341.0
Ni-Bi,0.6989,-1373.0
Ni-Bi,0.6681,-1356.0
Ni-Bi,0.9511,-364.0
Ni-Bi,0.9058,-735.0
Ni-Bi,0.8627,-914.0
Ni-Bi,0.8233,-1280.0
Ni-Bi,0.786,-1398.0
Ni-Bi,0.7503,-1342.0
Ni-Bi,0.717,-1502.0
Ni-Bi,0.6854,-1476.0
Ni-Bi,0.6549,-1436.0
Ni-Bi,0.6241,-1480.0
Ni-Bi,0.5955,-1501.0
Ni-Bi,0.5694,-1459.0
Ni-Bi,0.5453,-1451.0
Ni-Bi,0.5228,-1471.0
Ni-Bi,0.9543,-252.0
Ni-Bi,0.9079,-640.0
Ni-Bi,0.8649,-922.0
Ni-Bi,0.8258,-1095.0
Ni-Bi,0.7898,-1189.0
Ni-Bi,0.7555,-1324.0
Ni-Bi,0.7234,-1356.0
Ni-Bi,0.6937,-1432.0
Ni-Bi,0.665,-1359.0
Ni-Bi,0.6384,-1388.0
Ni-Bi,0.6128,-1413.0
Ni-Bi,0.589,-1546.0
Ni-Bi,0.5668,-1481.0
Ni-Bi,0.5459,-1418.0
Ni-Bi,0.5263,-1410.0
Ni-Sb,0.9817,-968.0
Ni-Sb,0.9629,-1906.0
Ni-Sb,0.9441,-2911.0
Ni-Sb,0.9253,-3933.0
Ni-Sb,0.9063,-4975.0
Ni-Sb,0.8878,-5965.0
Ni-Sb,0.8691,-7019.0
Ni-Sb,0.8508,-7950.0
Ni-Sb,0.8327,-8930.0
Ni-Sb,0.8151,-9821.0
Ni-Sb,0.7978,-10757.0
Ni-Sb,0.7801,-11700.0
Ni-Sb,0.7628,-12612.0
Ni-Sb,0.7457,-13506.0
Ni-Sb,0.729,-14429.0
Ni-Sb,0.7126,-15349.0
Al-Cu,0.043,-1549.0
Al-Cu,0.084,-3044.0
Al-Cu,0.129,-4693.0
Al-Cu,0.17,-6202.0
Al-Cu,0.208,-7638.0
Al-Cu,0.242,-8974.0
Al-Cu,0.275,-10253.0
Al-Cu,0.307,-11488.0
Al-Cu,0.0498,-1774.0
Al-Cu,0.1093,-3955.0
Al-Cu,0.1628,-5949.0
Al-Cu,0.2118,-7811.0
Al-Cu,0.2561,-9539.0
Al-Cu,0.2968,-11128.0
Al-Cu,0.3337,-12585.0
Al-Cu,0.3679,-13940.0
Al-Cu,0.3993,-15153.0
Al-Cu,0.0485,-1769.0
Al-Cu,0.0935,-3434.0
Al-Cu,0.1373,-5100.0
Al-Cu,0.1785,-6882.0
Al-Cu,0.2172,-8338.0
Al-Cu,0.2535,-9727.0
Al-Cu,0.2867,-11015.0
Al-Cu,0.3182,-12218.0
Al-Cu,0.3502,-13468.0
Al-Cu,0.3797,-14529.0
Al-Sn,0.9727,706.0
Al-Sn,0.9187,1354.0
Al-Sn,0.8669,1888.0
Al-Sn,0.8176,2370.0
Al-Sn,0.7693,2784.0
Al-Sn,0.723,3120.0
Al-Sn,0.6802,3403.0
Al-Sn,0.6387,3636.0
Al-Sn,0.5951,3843.0
Al-Sn,0.5524,3965.0
Al-Sn,0.5151,4032.0
Al-Sn,0.4818,3994.0
Al-Sn,0.4519,4002.0
Al-Sn,0.425,3983.0
Al-Sn,0.4004,3945.0
Al-Sn,0.3778,3912.0
Al-Sn,0.357,3861.0
Al-Sn,0.3378,3791.0
Al-Sn,0.3198,3717.0
Al-Sn,0.3034,3654.0
Al-Sn,0.2885,3584.0
Al-Sn,0.2745,3505.0
Al-Sn,0.2612,3423.0
Al-Sn,0.2483,3339.0
Al-Sn,0.2358,3255.0
Al-Sn,0.9747,622.0
Al-Sn,0.9244,1181.0
Al-Sn,0.8713,1812.0
Al-Sn,0.8177,2317.0
Al-Sn,0.7677,2755.0
Al-Sn,0.7213,3052.0
Al-Sn,0.6794,3314.0
Al-Sn,0.6413,3491.0
Al-Sn,0.6057,3650.0
Al-Sn,0.5723,3743.0
Al-Sn,0.5419,3820.0
Al-Sn,0.514,3864.0
Al-Sn,0.4881,3893.0
Al-Sn,0.464,3903.0
Al-Sn,0.4416,3895.0
Al-Sn,0.4206,3871.0
Al-Sn,0.4008,3838.0
Al-Sn,0.3825,3803.0
Al-Sn,0.365,3752.0
Al-Sn,0.3482,3699.0
Al-Sn,0.3326,3640.0
Al-Sn,0.317,3572.0
Al-Sn,0.3007,3493.0
Al-Sn,0.2837,3406.0
Al-Sn,0.2665,3302.0
Al-Sn,0.0141,660.0
Al-Sn,0.0429,1255.0
Al-Sn,0.0727,1752.0
Al-Sn,0.102,2155.0
Al-Sn,0.1302,2487.0
Al-Sn,0.1578,2789.0
Al-Sn,0.1847,3022.0
Al-Sn,0.2118,3232.0
Al-Sn,0.2406,3428.0
Al-Sn,0.2699,3586.0
Al-Sn,0.2984,3712.0
Al-Sn,0.3264,3805.0
Al-Sn,0.3534,3872.0
Al-Sn,0.3796,3927.0
Al-Sn,0.4047,3951.0
Al-Sn,0.4285,3966.0
Al-Sn,0.4507,3943.0
Al-Sn,0.4716,3910.0
Al-Sn,0.4915,3883.0
Al-Sn,0.5104,3838.0
Al-Sn,0.5286,3788.0
Al-Sn,0.5461,3736.0
Al-Sn,0.5634,3665.0
Al-Sn,0.5804,3599.0
Al-Sn,0.5963,3515.0
Fe-Mn,0.9786,-67.0
Fe-Mn,0.9536,-211.0
Fe-Mn,0.9544,-256.0
Fe-Mn,0.9356,-344.0
Fe-Mn,0.9133,-393.0
Fe-Mn,0.915,-430.0
Fe-Mn,0.8935,-376.0
Fe-Mn,0.8743,-298.0
Fe-Mn,0.8771,-326.0
Fe-Mn,0.8574,-467.0
Fe-Mn,0.8376,-447.0
Fe-Mn,0.8175,-472.0
Fe-Mn,0.822,-480.0
Fe-Mn,0.8016,-669.0
Fe-Mn,0.7817,-704.0
Fe-Mn,0.7637,-702.0
Fe-Mn,0.7688,-693.0
Fe-Mn,0.7517,-709.0
Fe-Mn,0.7365,-707.0
Fe-Mn,0.7197,-666.0
Fe-Mn,0.7256,-580.0
Fe-Mn,0.7092,-584.0
Fe-Mn,0.6927,-647.0
Fe-Mn,0.6774,-854.0
Fe-Mn,0.6845,-774.0
Fe-Mn,0.6691,-722.0
Fe-Mn,0.6542,-640.0
Fe-Mn,0.6401,-619.0
Fe-Mn,0.6477,-741.0
Fe-Mn,0.6331,-751.0
Fe-Mn,0.6184,-701.0
Fe-Mn,0.604,-680.0
Fe-Mn,0.6128,-759.0
Fe-Mn,0.9788,-41.0
Fe-Mn,0.9596,-46.0
Fe-Mn,0.9604,-81.0
Fe-Mn,0.9391,-206.0
Fe-Mn,0.915,-270.0
Fe-Mn,0.9169,-243.0
Fe-Mn,0.8998,-301.0
Fe-Mn,0.8793,-313.0
Fe-Mn,0.8818,-308.0
Fe-Mn,0.8621,-320.0
Fe-Mn,0.8441,-341.0
Fe-Mn,0.8276,-349.0
Fe-Mn,0.8307,-311.0
Fe-Mn,0.8142,-321.0
Fe-Mn,0.7954,-332.0
Fe-Mn,0.7776,-365.0
Fe-Mn,0.7826,-388.0
Fe-Mn,0.7632,-347.0
Fe-Mn,0.7453,-368.0
Fe-Mn,0.7274,-418.0
Fe-Mn,0.7339,-406.0
Fe-Mn,0.7185,-393.0
Fe-Mn,0.7029,-427.0
Fe-Mn,0.6876,-439.0
Fe-Mn,0.694,-478.0
Fe-Mn,0.6803,-443.0
Fe-Mn,0.6661,-444.0
Fe-Mn,0.6517,-470.0
Fe-Mn,0.6596,-490.0
Fe-Mn,0.644,-546.0
Fe-Mn,0.6297,-522.0
Fe-Mn,0.6156,-521.0
Fe-Mn,0.6233,-485.0
Fe-Mn,0.9718,-112.0
Fe-Mn,0.9388,-283.0
Fe-Mn,0.9063,-386.0
Fe-Mn,0.9093,-367.0
Fe-Mn,0.8738,-393.0
Fe-Mn,0.84,-492.0
Fe-Mn,0.8111,-652.0
Fe-Mn,0.8175,-603.0
Fe-Mn,0.7934,-681.0
Fe-Mn,0.7676,-721.0
Fe-Mn,0.7401,-717.0
Fe-Mn,0.7483,-718.0
Fe-Mn,0.7265,-732.0
Fe-Mn,0.7056,-988.0
Fe-Mn,0.6858,-951.0
Fe-Mn,0.6961,-1009.0
Fe-Mn,0.6779,-989.0
Fe-Mn,0.6609,-953.0
Fe-Mn,0.6404,-827.0
Fe-Mn,0.6507,-856.0
Fe-Mn,0.6345,-875.0
Fe-Mn,0.6169,-849.0
Fe-Mn,0.6006,-806.0
Fe-Mn,0.6125,-735.0
Fe-Mn,0.5995,-825.0
Fe-Mn,0.5852,-928.0
Fe-Mn,0.5707,-920.0
Fe-Mn,0.5792,-945.0
Fe-Mn,0.5681,-901.0
Fe-Mn,0.5572,-905.0
Fe-Mn,0.546,-828.0
Fe-Mn,0.5546,-872.0
Fe-Mn,0.5429,-791.0
Pb-Cd,0.9,1200.0
Pb-Cd,0.8,2000.0
Pb-Cd,0.7,2400.0
Pb-Cd,0.6,2700.0
Pb-Cd,0.5,2700.0
Pb-Cd,0.4,2500.0
Pb-Cd,0.3,2100.0
Pb-Cd,0.2,1600.0
Pb-Cd,0.1,900.0
Na-Hg,0.9,-7600.0
Na-Hg,0.8,-14400.0
Na-Hg,0.7,-18900.0
Na-Hg,0.6,-20600.0
Na-Hg,0.5,-19800.0
Na-Hg,0.4,-17100.0
Na-Hg,0.3,-13300.0
Na-Hg,0.2,-9000.0
Na-Hg,0.1,-4600.0
Cu-Fe,0.9,4000.0
Cu-Fe,0.8,6500.0
Cu-Fe,0.7,8000.0
Cu-Fe,0.6,8800.0
Cu-Fe,0.5,8900.0
Cu-Fe,0.4,8500.0
Cu-Fe,0.3,7500.0
Cu-Fe,0.2,5800.0
Cu-Fe,0.1,3400.0
Al-Si,0.9,-800.0
Al-Si,0.8,-2300.0
Al-Si,0.7,-3700.0
Al-Si,0.6,-4600.0
Al-Si,0.5,-4900.0
Al-Si,0.4,-4300.0
Al-Cu,0.1,-3600.0
Al-Cu,0.2,-7000.0
Al-Cu,0.3,-10200.0
Al-Cu,0.4,-13200.0
Al-Cu,0.5,-15500.0
Al-Cu,0.6,-17000.0
Al-Cu,0.7,-16900.0
Au-Sn,0.94,-1744.0
Au-Sn,0.886,-3283.0
Au-Sn,0.834,-4766.0
Au-Sn,0.787,-6075.0
Au-Sn,0.742,-7283.0
Au-Sn,0.702,-8317.0
Au-Sn,0.665,-9154.0
Au-Sn,0.632,-9781.0
Au-Sn,0.6,-10356.0
Au-Sn,0.57,-10762.0
Au-Sn,0.542,-11041.0
Au-Sn,0.517,-11256.0
Au-Sn,0.493,-11514.0
Au-Sn,0.471,-11585.0
Au-Sn,0.45,-11586.0
Au-Sn,0.431,-11573.0
Au-Sn,0.413,-11601.0
Au-Sn,0.955,-1471.0
Au-Sn,0.908,-2943.0
Au-Sn,0.864,-4245.0
Au-Sn,0.822,-5471.0
Au-Sn,0.783,-6521.0
Au-Sn,0.747,-7456.0
Au-Sn,0.711,-8291.0
Au-Sn,0.678,-9060.0
Au-Sn,0.646,-9707.0
Au-Sn,0.617,-10189.0
Au-Sn,0.588,-10625.0
Au-Sn,0.562,-11016.0
Au-Sn,0.538,-11288.0
Au-Sn,0.515,-11422.0
Au-Sn,0.493,-11510.0
Au-Sn,0.474,-11638.0
Au-Sn,0.455,-11807.0
Au-Sn,0.437,-11789.0
Au-Sn,0.425,-11733.0
Au-Sn,0.413,-11624.0
Au-Sn,0.402,-11615.0
Au-Sn,0.391,-11527.0
Au-Sn,0.38,-11415.0
Au-Sn,0.37,-11288.0
Au-Sn,0.36,-11179.0
Au-Sn,0.35,-11083.0
Au-Sn,0.341,-10989.0
Au-Sn,0.333,-10920.0
Au-Cu,0.0998,-2114.0
Au-Cu,0.2,-4010.0
Au-Cu,0.3,-5455.0
Au-Cu,0.4001,-6430.0
Au-Cu,0.5,-6965.0
Au-Cu,0.9885,-332.0
Au-Cu,0.9437,-1520.0
Au-Cu,0.8957,-2733.0
Au-Cu,0.8219,-4258.0
Au-Cu,0.6961,-6029.0
Au-Cu,0.1501,-2976.0
Au-Cu,0.2501,-4732.0
Au-Cu,0.3501,-6040.0
Au-Cu,0.45,-6750.0
Au-Cu,0.6,-6879.0
Au-Cu,0.9319,-1837.0
Au-Cu,0.8774,-3087.0
Au-Cu,0.7771,-4957.0
Au-Cu,0.6746,-6221.0
Au-Ag,0.9,-1420.0
Au-Ag,0.8,-2556.0
Au-Ag,0.7,-3343.0
Au-Ag,0.6,-3752.0
Au-Ag,0.5,-3980.0
Au-Ag,0.8,-2618.0
Au-Ag,0.6503,-3656.0
Au-Ag,0.55,-3948.0
Au-Ag,0.1001,-1474.0
Au-Ag,0.2,-2596.0
Au-Ag,0.3001,-3420.0
Au-Ag,0.4,-4023.0
Au-Ag,0.5,-4196.0
Au-Ag,0.3,-3287.0
Au-Ag,0.4,-3828.0
Au-Ag,0.5,-4042.0
Au-Ag,0.5996,-3735.0
Ni-Au,0.9491,1312.0
Ni-Au,0.8489,3850.0
Ni-Au,0.7991,4892.0
Ni-Au,0.7507,5992.0
Ni-Au,0.6491,8221.0
Ni-Au,0.9045,2516.0
Ni-Au,0.7985,4789.0
Ni-Au,0.7008,7230.0
Ni-Au,0.9505,1272.0
Ni-Au,0.8501,3607.0
Ni-Au,0.7,6585.0
Co-Au,0.9493,2567.0
Co-Au,0.8997,4810.0
Co-Au,0.7993,8476.0
Co-Au,0.7002,11501.0
Co-Au,0.6505,12779.0
Co-Au,0.9201,3599.0
Co-Au,0.8489,6705.0
Co-Au,0.7501,10288.0
Co-Au,0.6695,12198.0
Fe-Au,0.9482,1490.0
Fe-Au,0.8995,2785.0
Fe-Au,0.7997,5256.0
Fe-Au,0.6998,7418.0
Fe-Au,0.6,9345.0
Fe-Au,0.929,2044.0
Fe-Au,0.8492,4250.0
Fe-Au,0.7505,6846.0
Fe-Au,0.6502,8858.0
Fe-Au,0.5702,10351.0
Fe-Au,0.95,1400.0
Fe-Au,0.8746,3703.0
Fe-Au,0.7723,6557.0
Fe-Au,0.7,8285.0
Fe-Au,0.6252,9823.0
Fe-Au,0.5707,10387.0
Mn-Au,0.9493,-3783.0
Mn-Au,0.9012,-7196.0
Mn-Au,0.8002,-13374.0
Mn-Au,0.7003,-16266.0
Mn-Au,0.9297,-5279.0
Mn-Au,0.8987,-7725.0
Mn-Au,0.8495,-10898.0
Mn-Au,0.7496,-15942.0
Mn-Au,0.66,-18740.0
Fe-Si,0.9,-9600.0
Fe-Si,0.8,-18700.0
Fe-Si,0.7,-27000.0
Fe-Si,0.6,-33500.0
Fe-Si,0.5,-37500.0
Fe-Si,0.4,-38000.0
Fe-Si,0.1,-12900.0
Fe-Si,0.2,-24600.0
Fe-Si,0.3,-33400.0
Fe-Si,0.4,-37900.0
Fe-Si,0.5,-37900.0
Fe-Si,0.6,-34200.0
Fe-Si,0.7,-27900.0
Fe-Si,0.8,-19700.0
Fe-Gd,0.9,-1900.0
Fe-Gd,0.8,-4100.0
Fe-Gd,0.7,-6700.0
Fe-Gd,0.6,-9600.0
Fe-Gd,0.5,-12600.0
Fe-Gd,0.4,-15000.0
Au-Ag,0.9,-1795.0
Au-Ag,0.8,-3138.0
Au-Ag,0.7,-4046.0
Au-Ag,0.6,-4544.0
Au-Ag,0.5,-4648.0
Au-Ag,0.4,-4381.0
Au-Ag,0.3,-3761.0
Au-Ag,0.2,-2812.0
Au-Ag,0.1,-1552.0
Pd-Au,0.9,-3820.0
Pd-Au,0.8,-6000.0
Pd-Au,0.7,-7100.0
Pd-Au,0.6,-7420.0
Pd-Au,0.5,-7110.0
Pd-Au,0.4,-6300.0
Pd-Au,0.3,-5100.0
Pd-Au,0.2,-3590.0
Pd-Au,0.1,-1860.0
In-Pb,0.9,390.0
In-Pb,0.8,669.0
In-Pb,0.7,859.0
In-Pb,0.6,957.0
In-Pb,0.5,972.0
In-Pb,0.4,899.0
In-Pb,0.3,781.0
In-Pb,0.2,578.0
In-Pb,0.1,308.0
In-Pb,0.9,447.0
In-Pb,0.8,776.0
In-Pb,0.7,1005.0
In-Pb,0.6,1109.0
In-Pb,0.5,1135.0
In-Pb,0.4,1051.0
In-Pb,0.3,892.0
In-Pb,0.2,670.0
In-Pb,0.1,365.0
Pb-Sn,0.9,550.0
Pb-Sn,0.8,941.0
Pb-Sn,0.7,1201.0
Pb-Sn,0.6,1344.0
Pb-Sn,0.5,1382.0
Pb-Sn,0.4,1317.0
Pb-Sn,0.3,1152.0
Pb-Sn,0.2,882.0
Pb-Sn,0.1,505.0
Pb-Sb,0.8,-15.0
Pb-Sb,0.7,-37.0
Pb-Sb,0.6,-58.0
Pb-Sb,0.5,-70.0
Pb-Sb,0.4,-69.0
Pb-Sb,0.3,-54.0
Pb-Sb,0.2,-30.0
Pb-Sb,0.1,-9.0
Bi-Pb,0.9,-394.0
Bi-Pb,0.8,-682.0
Bi-Pb,0.7,-874.0
Bi-Pb,0.6,-973.0
Bi-Pb,0.5,-987.0
Bi-Pb,0.4,-921.0
Bi-Pb,0.3,-784.0
Bi-Pb,0.2,-580.0
Bi-Pb,0.1,-319.0
Pb-Tl,0.9,-330.0
Pb-Tl,0.8,-615.0
Pb-Tl,0.7,-842.0
Pb-Tl,0.6,-996.0
Pb-Tl,0.5,-1061.0
Pb-Tl,0.4,-1027.0
Pb-Tl,0.3,-891.0
Pb-Tl,0.2,-661.0
Pb-Tl,0.1,-362.0
Co-Sb,0.9785,-790.0
Co-Sb,0.9572,-1553.0
Co-Sb,0.9366,-2275.0
Co-Sb,0.9168,-3000.0
Co-Sb,0.8976,-3639.0
Co-Sb,0.8785,-4314.0
Co-Sb,0.8594,-4923.0
Co-Sb,0.8411,-5544.0
Co-Sb,0.8234,-6045.0
Co-Sb,0.8062,-6590.0
Co-Sb,0.7895,-7104.0
Co-Sn,0.9764,-342.0
Co-Sn,0.9538,-648.0
Co-Sn,0.9308,-963.0
Co-Sn,0.9077,-1269.0
Co-Sn,0.8856,-1565.0
Co-Sn,0.8644,-1841.0
Co-Sn,0.8438,-2104.0
Co-Sn,0.8232,-2362.0
Co-Sn,0.8035,-2602.0
Co-Sn,0.7844,-2863.0
Co-Sn,0.7655,-3124.0
Co-Sn,0.9765,-308.0
Co-Sn,0.9521,-604.0
Co-Sn,0.9288,-881.0
Co-Sn,0.9066,-1156.0
Co-Sn,0.8845,-1405.0
Co-Sn,0.863,-1651.0
Co-Sn,0.8421,-1878.0
Co-Sn,0.8214,-2099.0
Co-Sn,0.8012,-2312.0
Co-Sn,0.7815,-2608.0
In-Sn,0.1,-183.0
In-Sn,0.1966,-374.0
In-Sn,0.2981,-437.0
In-Sn,0.4041,-383.0
In-Sn,0.5002,-331.0
In-Sn,0.8975,-87.0
In-Sn,0.7891,-165.0
In-Sn,0.6901,-241.0
In-Sn,0.5949,-301.0
In-Sn,0.5005,-316.0
Sr-Ag,0.95,-3100.0
Sr-Ag,0.9,-6000.0
Sr-Ag,0.85,-8400.0
Sr-Ag,0.8,-10500.0
Sr-Ag,0.75,-12200.0
Sr-Ag,0.7,-13600.0
Sr-Ag,0.65,-14600.0
Sr-Ag,0.6,-15200.0
Sr-Ag,0.55,-15200.0
Sr-Ag,0.5,-14700.0
Sr-Ag,0.45,-13700.0
Ce-Co,0.9,-7400.0
Ce-Co,0.8,-12200.0
Ce-Co,0.7,-14500.0
Ce-Co,0.6,-14600.0
Ce-Co,0.5,-13500.0
Ce-Co,0.4,-11700.0
Ce-Co,0.3,-9400.0
Ce-Co,0.2,-6500.0
Ce-Co,0.1,-3300.0
Au-Ga,0.9696,-1258.0
Au-Ga,0.9358,-2624.0
Au-Ga,0.9032,-4072.0
Au-Ga,0.8719,-5474.0
Au-Ga,0.8394,-6786.0
Au-Ga,0.8085,-7979.0
Au-Ga,0.7795,-8949.0
Au-Ga,0.7508,-9917.0
Au-Ga,0.7238,-10831.0
Au-Ga,0.6982,-11660.0
Au-Ga,0.6726,-12467.0
Au-Ga,0.6042,-13193.0
Au-Ga,0.5836,-13791.0
Au-Ga,0.5637,-14242.0
Au-Ga,0.5447,-14680.0
Au-Ga,0.5264,-15006.0
Au-Ga,0.5129,-15333.0
Au-Ga,0.4996,-15620.0
Au-Ga,0.4861,-15829.0
Au-Ga,0.473,-15958.0
Au-Ga,0.4605,-16008.0
Au-Ga,0.4485,-16062.0
Au-Ga,0.4369,-16113.0
Au-Ga,0.4257,-16159.0
Au-Ga,0.415,-16216.0
Au-Ga,0.4047,-16235.0
Au-Ga,0.3947,-16241.0
Au-Ga,0.3853,-16241.0
Au-Ga,0.3761,-16184.0
Au-Ga,0.3694,-16158.0
Au-Ga,0.363,-16116.0
Au-Ga,0.3569,-16037.0
Au-Ga,0.9602,-1680.0
Au-Ga,0.9211,-3295.0
Au-Ga,0.884,-4808.0
Au-Ga,0.8488,-6244.0
Au-Ga,0.8157,-7508.0
Au-Ga,0.7828,-8724.0
Au-Ga,0.7508,-9898.0
Au-Ga,0.7215,-10861.0
Au-Ga,0.6926,-11795.0
Au-Ga,0.6655,-12609.0
Au-Ga,0.6403,-13303.0
Au-Ga,0.6164,-13886.0
Au-Ga,0.594,-14356.0
Au-Ga,0.5717,-14771.0
Au-Ga,0.551,-15124.0
Au-Ga,0.5308,-15460.0
Au-Ga,0.5118,-15700.0
Au-Ga,0.5008,-15885.0
Au-Ga,0.4904,-16005.0
Au-Ga,0.4797,-16104.0
Au-Ga,0.4693,-16179.0
Au-Ga,0.4588,-16239.0
Au-Ga,0.4486,-16263.0
Au-Ga,0.4379,-16275.0
Au-Ga,0.4273,-16315.0
Au-Ga,0.4171,-16301.0
Au-Ga,0.4072,-16282.0
Au-Ga,0.3972,-16237.0
Au-Ga,0.3871,-16186.0
Au-Ga,0.3769,-16059.0
Ag-Ga,0.9508,215.0
Ag-Ga,0.9044,259.0
Ag-Ga,0.8617,305.0
Ag-Ga,0.8208,285.0
Ag-Ga,0.7822,263.0
Ag-Ga,0.7448,126.0
Ag-Ga,0.7095,-9.0
Ag-Ga,0.6772,-210.0
Ag-Ga,0.6472,-401.0
Ag-Ga,0.6191,-585.0
Ag-Ga,0.5919,-807.0
Ag-Ga,0.5664,-1055.0
Ag-Ga,0.5428,-1288.0
Ag-Ga,0.5211,-1448.0
Ag-Ga,0.5008,-1629.0
Ag-Ga,0.4811,-1872.0
Ag-Ga,0.4628,-2068.0
Ag-Ga,0.4452,-2238.0
Ag-Ga,0.4288,-2403.0
Ag-Ga,0.9472,223.0
Ag-Ga,0.8994,415.0
Ag-Ga,0.8536,469.0
Ag-Ga,0.8106,449.0
Ag-Ga,0.7712,409.0
Ag-Ga,0.7351,354.0
Ag-Ga,0.7004,217.0
Ag-Ga,0.6679,25.0
Ag-Ga,0.6366,-217.0
Ag-Ga,0.6079,-397.0
Ag-Ga,0.5811,-602.0
Ag-Ga,0.5557,-828.0
Ag-Ga,0.5313,-949.0
Ag-Ga,0.5036,-1147.0
Ag-Ga,0.4832,-1306.0
Ag-Ga,0.4641,-1440.0
Ag-Ga,0.4442,-1613.0
Ge-Li,0.9784,-3300.0
Ge-Li,0.9611,-6100.0
Ge-Li,0.9382,-9800.0
Ge-Li,0.9157,-13400.0
Ge-Li,0.8962,-16600.0
Ge-Li,0.8704,-20900.0
Ge-Li,0.8452,-25300.0
Ge-Li,0.8141,-30400.0
Ge-Li,0.7903,-33000.0
Ge-Li,0.7672,-34300.0
Ge-Li,0.4975,-34200.0
Ge-Li,0.5776,-37400.0
Ge-Li,0.6631,-38600.0
Ge-Li,0.7262,-37500.0
Ge-Li,0.7642,-36000.0
Ge-Li,0.7945,-33800.0
Ge-Li,0.4782,-33300.0
Ge-Li,0.4594,-32200.0
Ge-Li,0.4417,-30900.0
Ge-Li,0.4252,-29400.0
Ge-Li,0.4024,-27800.0
Ge-Li,0.3854,-26600.0
Ge-Li,0.3703,-25500.0
Ge-Li,0.3537,-24300.0
Ge-Li,0.3377,-23100.0
Ge-Li,0.3227,-21900.0
Ge-Li,0.3114,-21100.0
Ge-Li,0.5014,-34267.0
Ge-Li,0.288,-20000.0
Ge-Li,0.2723,-19000.0
Ge-Li,0.2563,-18000.0
Ge-Li,0.241,-16900.0
Ge-Li,0.2252,-15800.0
Ge-Li,0.2161,-15100.0
Ge-Li,0.2082,-14600.0
Ge-Li,0.2024,-14200.0
Ge-Li,0.1944,-13600.0
Ge-Li,0.1876,-13100.0
Pd-Li,0.9812,-2200.0
Pd-Li,0.962,-4400.0
Pd-Li,0.9368,-7100.0
Pd-Li,0.9122,-9800.0
Pd-Li,0.8861,-12600.0
Pd-Li,0.8613,-15500.0
Pd-Li,0.8376,-17900.0
Pd-Li,0.8143,-20200.0
Pd-Li,0.9709,-3200.0
Pd-Li,0.9399,-6500.0
Pd-Li,0.9101,-9500.0
Pd-Li,0.8811,-12500.0
Pd-Li,0.8536,-15300.0
Pd-Li,0.8272,-17900.0
Pd-Li,0.8006,-20400.0
Pd-Li,0.7752,-22600.0
Pd-Li,0.7509,-25100.0
Pd-Li,0.9702,-3100.0
Pd-Li,0.9383,-6500.0
Pd-Li,0.9083,-9600.0
Pd-Li,0.8793,-12500.0
Pd-Li,0.8496,-15400.0
Pd-Li,0.8215,-17900.0
Pd-Li,0.7944,-20700.0
Pd-Li,0.7686,-22900.0
Pd-Li,0.9671,-3600.0
Pd-Li,0.9362,-6900.0
Pd-Li,0.9062,-10000.0
Pd-Li,0.878,-12700.0
Pd-Li,0.8507,-15300.0
Pd-Li,0.824,-17700.0
Pd-Li,0.7994,-19900.0
Pd-Li,0.7745,-22100.0
Pd-Li,0.7511,-24200.0
Pd-Li,0.7291,-25900.0
Pd-Li,0.7079,-27300.0
Pd-Li,0.6824,-28900.0
Pd-Li,0.6649,-29900.0
Pd-Li,0.6438,-30800.0
Pd-Li,0.624,-31700.0
Pd-Li,0.6055,-32300.0
Pt-Li,0.9844,-2500.0
Pt-Li,0.9592,-6700.0
Pt-Li,0.9317,-11300.0
Pt-Li,0.9095,-14800.0
Pt-Li,0.8862,-18600.0
Pt-Li,0.8655,-21700.0
Pt-Li,0.843,-25300.0
Pt-Li,0.8226,-29200.0
Pt-Li,0.8074,-32300.0
Pt-Li,0.7891,-35900.0
Pt-Li,0.9791,-3400.0
Pt-Li,0.9567,-6900.0
Pt-Li,0.9319,-10900.0
Pt-Li,0.9056,-14800.0
Pt-Li,0.8799,-18900.0
Pt-Li,0.8552,-23000.0
Pt-Li,0.8308,-27400.0
Pt-Li,0.8058,-32000.0
Pt-Li,0.9801,-3100.0
Pt-Li,0.9575,-6600.0
Pt-Li,0.9315,-10600.0
Pt-Li,0.9068,-14400.0
Pt-Li,0.8752,-19700.0
Pt-Li,0.8474,-22000.0
Pt-Li,0.8212,-24700.0
Pt-Li,0.973,-4000.0
Pt-Li,0.9472,-7900.0
Pt-Li,0.9223,-11500.0
Pt-Li,0.8971,-15100.0
Pt-Li,0.8732,-18600.0
Pt-Li,0.8489,-22000.0
Pt-Li,0.8242,-25300.0
Pt-Li,0.7974,-30100.0
Pt-Li,0.7723,-34700.0
Pt-Li,0.7468,-39800.0
Pt-Li,0.7216,-43600.0
Pd-Mg,0.7884,-37759.0
Pd-Mg,0.8555,-25930.0
Pd-Mg,0.8915,-19350.0
Pd-Mg,0.9174,-14503.0
Pd-Mg,0.9334,-11697.0
Pd-Mg,0.8424,-29567.0
Pd-Mg,0.8083,-35193.0
Pd-Mg,0.7764,-40346.0
Pd-Mg,0.8128,-34749.0
Pd-Mg,0.7966,-36928.0
Pd-Mg,0.7779,-39775.0
Pd-Mg,0.753,-42999.0
Pt-Mg,0.8603,-18400.0
Pt-Mg,0.9007,-13500.0
Pt-Mg,0.925,-10400.0
Pt-Mg,0.9407,-8300.0
Pt-Mg,0.9515,-6600.0
Pt-Mg,0.9,-13200.0
Pt-Mg,0.8692,-18000.0
Pt-Mg,0.8368,-21500.0
Pt-Mg,0.8064,-24400.0
Pt-Mg,0.8499,-19900.0
Pt-Mg,0.8642,-17900.0
Pt-Mg,0.8763,-16400.0
Pt-Mg,0.8872,-14800.0
Pt-Mg,0.8977,-13200.0
Pt-Mg,0.9128,-11800.0
Pd-Pb,0.9279,-5255.0
Pd-Pb,0.8604,-10098.0
Pd-Pb,0.8018,-14102.0
Pd-Pb,0.7498,-17595.0
Pd-Pb,0.7001,-20473.0
Pd-Pb,0.6564,-22981.0
Pd-Pb,0.6177,-25169.0
Pd-Pb,0.583,-27115.0
Pd-Pb,0.5509,-28878.0
Pd-Pb,0.9365,-4378.0
Pd-Pb,0.8798,-7945.0
Pd-Pb,0.8225,-12005.0
Pd-Pb,0.7685,-15408.0
Pd-Pb,0.7185,-18094.0
Pd-Pb,0.6744,-20979.0
Pd-Pb,0.6354,-23228.0
Pd-Pb,0.6005,-25180.0
Pd-Pb,0.5669,-26880.0
Pd-Pb,0.5367,-28175.0
Pd-Pb,0.5091,-30067.0
Pd-Pb,0.4836,-31160.0
Pd-Pb,0.9567,-3081.0
Pd-Pb,0.9162,-5614.0
Pd-Pb,0.8761,-8120.0
Pd-Pb,0.8398,-10932.0
Pd-Pb,0.8039,-13194.0
Pd-Pb,0.7712,-15189.0
Pd-Pb,0.7368,-17476.0
Pd-Pb,0.7048,-19168.0
Pd-Pb,0.6741,-20946.0
Pd-Pb,0.6498,-22428.0
Pd-Pb,0.6237,-23886.0
Pd-Pb,0.6017,-25044.0
Pd-Pb,0.5797,-26219.0
Pd-Pb,0.5589,-27293.0
Pd-Pb,0.5389,-28315.0
Pd-Pb,0.9,-7140.0
Pd-Pb,0.9185,-5440.0
Pd-Pb,0.8371,-10424.0
Pd-Pb,0.771,-14464.0
Pd-Pb,0.7097,-18311.0
Pd-Pb,0.653,-22105.0
Pd-Pb,0.6,-25354.0
Pd-Pb,0.9603,-2790.0
Pd-Pb,0.9192,-5662.0
Pd-Pb,0.8806,-8107.0
Pd-Pb,0.843,-10365.0
Pd-Pb,0.8066,-12514.0
Pd-Pb,0.7427,-16846.0
Pd-Pb,0.7142,-18540.0
Pd-Pb,0.6871,-20489.0
Pd-Pb,0.6616,-21874.0
Pd-Pb,0.6369,-23522.0
Pd-Pb,0.6108,-24910.0
Pd-Pb,0.5864,-26243.0
Pd-Pb,0.5633,-27294.0
Pd-Pb,0.5405,-28471.0
Mg-Ag,0.2484,-9568.0
Mg-Ag,0.2332,-9415.0
Mg-Ag,0.2197,-9071.0
Mg-Ag,0.2057,-8699.0
Mg-Ag,0.1655,-7270.0
Mg-Ag,0.1378,-6337.0
Mg-Ag,0.1134,-5356.0
Mg-Ag,0.0934,-4419.0
Mg-Ag,0.0762,-3658.0
Mg-Ag,0.2968,-10215.0
Mg-Ag,0.3333,-11153.0
Mg-Ag,0.366,-11940.0
Mg-Ag,0.3878,-12420.0
Mg-Ag,0.4053,-12752.0
Mg-Ag,0.4311,-13194.0
Mg-Ag,0.4548,-13451.0
Mg-Ag,0.4782,-13547.0
Mg-Ag,0.4981,-13338.0
Mg-Ag,0.516,-13219.0
Mg-Ag,0.5345,-13173.0
Mg-Ag,0.5522,-13174.0
Mg-Ag,0.5645,-12989.0
Mg-Ag,0.5777,-12901.0
Mg-Ag,0.9527,-2573.0
Mg-Ag,0.9012,-4879.0
Mg-Ag,0.8527,-6898.0
Mg-Ag,0.8075,-8696.0
Mg-Ag,0.7707,-9821.0
Mg-Ag,0.7309,-10894.0
Mg-Ag,0.6979,-11855.0
Mg-Ag,0.6696,-12488.0
Mg-Ag,0.6418,-12773.0
Mg-Ag,0.6156,-13076.0
Mg-Ag,0.5919,-13177.0
Pb-Mg,0.6117,-8849.0
Pb-Mg,0.75,-7824.0
Pb-Mg,0.5,-7900.0
Pb-Mg,0.1666,-2789.0
Pb-Mg,0.289,-4739.0
Pb-Mg,0.3782,-6286.0
Pb-Mg,0.4479,-7282.0
Pb-Mg,0.5,-7847.0
Pb-Mg,0.139,-2331.0
Pb-Mg,0.25,-4267.0
Pb-Mg,0.1765,-2877.0
Pb-Mg,0.3047,-5012.0
Pb-Mg,0.4066,-6941.0
Pb-Mg,0.4889,-8227.0
Pb-Mg,0.5497,-8776.0
Pb-Mg,0.5983,-8991.0
Pb-Mg,0.6402,-9067.0
Cu-Mg,0.87,-3200.0
Cu-Mg,0.755,-5600.0
Cu-Mg,0.67,-7000.0
Cu-Mg,0.57,-8100.0
Cu-Mg,0.485,-8600.0
Cu-Mg,0.925,-1900.0
Cu-Mg,0.85,-3500.0
Cu-Mg,0.79,-4800.0
Cu-Mg,0.73,-5800.0
Cu-Mg,0.67,-6600.0
Cu-Mg,0.62,-7500.0
Cu-Mg,0.575,-7900.0
Cu-Mg,0.525,-8300.0
Cu-Mg,0.48,-8500.0
Cu-Mg,0.53,-8400.0
Cu-Mg,0.495,-8700.0
Cu-Mg,0.46,-8900.0
Cu-Mg,0.435,-8500.0
Cu-Mg,0.41,-9000.0
Cu-Mg,0.39,-8900.0
Cu-Mg,0.365,-8950.0
Cu-Mg,0.35,-8850.0
Cu-Mg,0.33,-8800.0
Cu-Mg,0.315,-8650.0
Cu-Mg,0.3,-8550.0
Cu-Mg,0.1,-3331.0
Cu-Mg,0.25,-7360.0
Cu-Mg,0.25,-7345.0
Cu-Mg,0.18,-5709.0
Cu-Mg,0.3,-7410.0
Cu-Mg,0.5,-8114.0
Cu-Mg,0.2681,-8008.0
Cu-Mg,0.4176,-8235.0
Cu-Mg,0.5,-8122.0
Ag-Ti,0.15,-2660.0
Ag-Ti,0.15,-2960.0
Ag-Ti,0.15,-3430.0
Ag-Ti,0.1,-2220.0
Ag-Ti,0.08,-1660.0
Ag-Ti,0.08,-1650.0
Ag-Ti,0.08,-2090.0
Ag-Ti,0.05,-1440.0
Ag-Ti,0.05,-1930.0
Ag-Ti,0.02,-540.0
Ag-Ti,0.02,-1250.0
Ag-Ti,0.05,-2100.0
Ag-Ti,0.05,-2480.0
Ag-Ti,0.022,-1494.0
Ag-Ti,0.032,-2201.0
Ag-Ti,0.044,-2881.0
Ag-Ti,0.0546,-3536.0
Cu-Ti,0.0939,-930.0
Cu-Ti,0.2015,-2180.0
Cu-Ti,0.3038,-3100.0
Cu-Ti,0.4062,-3600.0
Cu-Ti,0.018,-102.0
Cu-Ti,0.0219,-192.0
Cu-Ti,0.0335,-298.0
Cu-Ti,0.0436,-405.0
Cu-Ti,0.0544,-533.0
Cu-Ti,0.1957,-2020.0
Cu-Ti,0.603,-3680.0
Cu-Ti,0.3038,-3170.0
Cu-Ti,0.4978,-3740.0
Cu-Ti,0.6082,-3370.0
Cu-Ti,0.2522,-2560.0
Cu-Ti,0.3528,-3420.0
Cu-Ti,0.4521,-3720.0
Cu-Ti,0.5518,-3490.0
Cu-Ti,0.6498,-3150.0
Cu-Ti,0.7005,-2950.0
Cu-Ti,0.5006,-3810.0
